ID,Player,G,GS,MP,FG,FGA,FG%,3P,3PA,3P%,2P,2PA,2P%,eFG%,FT,FTA,FT%,ORB,DRB,TRB,AST,STL,BLK,TOV,PF,PTS,PER,BPM,VORP
1557,Steven Adams,63,63,26.7,4.5,7.6,0.592,0,0,0.333,4.5,7.5,0.594,0.593,1.9,3.2,0.582,3.3,6,9.3,2.3,0.8,1.1,1.5,1.9,10.9,20.5,2.9,2.1
1558,Bam Adebayo,72,72,33.6,6.1,11,0.557,0,0.2,0.143,6.1,10.8,0.564,0.558,3.7,5.3,0.691,2.4,7.8,10.2,5.1,1.1,1.3,2.8,2.5,15.9,20.3,3.4,3.3
1559,LaMarcus Aldridge,53,53,33.1,7.4,15,0.493,1.2,3,0.389,6.2,12,0.519,0.532,3,3.6,0.827,1.9,5.5,7.4,2.4,0.7,1.6,1.4,2.4,18.9,19.7,1.4,1.5
1560,Kyle Alexander,2,0,6.5,0.5,1,0.5,0,0,0,0.5,1,0.5,0.5,0,0,0,1,0.5,1.5,0,0,0,0.5,0.5,1,4.7,-10.1,0
1561,Nickeil Alexander-Walker,47,1,12.6,2.1,5.7,0.368,1,2.8,0.346,1.1,2.8,0.391,0.455,0.5,0.8,0.676,0.2,1.6,1.8,1.9,0.4,0.2,1.1,1.2,5.7,8.9,-4.6,-0.4
1562,Grayson Allen,38,0,18.9,3.1,6.6,0.466,1.5,3.7,0.404,1.6,2.9,0.545,0.58,1,1.2,0.867,0.2,2,2.2,1.4,0.3,0.1,0.9,1.4,8.7,12,-1.3,0.1
1563,Jarrett Allen,70,64,26.5,4.3,6.6,0.649,0,0.1,0,4.3,6.6,0.658,0.649,2.4,3.9,0.633,3.1,6.5,9.6,1.6,0.6,1.3,1.1,2.3,11.1,20.7,2.3,2
1564,Kadeem Allen,10,0,11.7,1.9,4.4,0.432,0.5,1.6,0.313,1.4,2.8,0.5,0.489,0.7,1.1,0.636,0.2,0.7,0.9,2.1,0.5,0.2,0.8,0.7,5,14,-0.9,0
1565,Al-Farouq Aminu,18,2,21.1,1.4,4.8,0.291,0.5,2,0.25,0.9,2.8,0.32,0.343,1.1,1.6,0.655,1.3,3.5,4.8,1.2,1,0.4,0.9,1.5,4.3,7.6,-3,-0.1
1566,Justin Anderson,10,1,10.7,1,3.8,0.263,0.6,2.9,0.207,0.4,0.9,0.444,0.342,0.2,0.4,0.5,0.1,2,2.1,0.8,0,0.6,0.4,1.3,2.8,3.2,-7.7,-0.2
1567,Kyle Anderson,67,28,19.9,2.3,4.9,0.474,0.4,1.3,0.282,2,3.7,0.541,0.511,0.8,1.2,0.667,0.9,3.4,4.3,2.4,0.8,0.6,1,1.7,5.8,12.5,0.5,0.9
1568,Ryan Anderson,2,0,7,1,3.5,0.286,0.5,2.5,0.2,0.5,1,0.5,0.357,0,0,0,0,3.5,3.5,1,0.5,0,0.5,0.5,2.5,9.4,-2.8,0
1569,Giannis Antetokounmpo,63,63,30.4,10.9,19.7,0.553,1.4,4.7,0.304,9.5,15,0.631,0.589,6.3,10,0.633,2.2,11.4,13.6,5.6,1,1,3.7,3.1,29.5,31.9,11.5,6.6
1570,Kostas Antetokounmpo,5,0,4,0.6,0.6,1,0,0,0,0.6,0.6,1,1,0.2,0.4,0.5,0.4,0.2,0.6,0.4,0,0,0.2,0.4,1.4,16.3,-0.7,0
1571,Thanasis Antetokounmpo,20,2,6.5,1.2,2.4,0.5,0,0.5,0,1.2,1.9,0.632,0.5,0.4,0.9,0.412,0.6,0.6,1.2,0.8,0.4,0.1,0.6,0.9,2.8,12.2,-3.2,0
1572,Carmelo Anthony,58,58,32.8,5.8,13.5,0.43,1.5,3.9,0.385,4.3,9.6,0.448,0.485,2.3,2.8,0.845,1.2,5.1,6.3,1.5,0.8,0.5,1.7,2.9,15.4,12.4,-3.6,-0.8
1573,OG Anunoby,69,68,29.9,4.1,8.2,0.505,1.3,3.3,0.39,2.9,4.9,0.583,0.584,1,1.5,0.706,1.2,4.1,5.3,1.6,1.4,0.7,1.1,2.4,10.6,13.2,1.2,1.7
1574,Ryan Arcidiacono,58,4,16,1.6,3.8,0.409,0.9,2.4,0.391,0.6,1.4,0.439,0.532,0.5,0.7,0.711,0.3,1.6,1.9,1.7,0.5,0.1,0.6,1.7,4.5,9,-2.8,-0.2
1575,Trevor Ariza,53,21,28.2,2.7,6.1,0.438,1.5,3.9,0.372,1.2,2.2,0.556,0.557,1.2,1.4,0.838,0.6,4,4.6,1.7,1.3,0.3,1.1,2.1,8,11,-0.5,0.6
1576,D.J. Augustin,57,13,24.9,3.2,8.1,0.399,1.2,3.5,0.348,2,4.6,0.438,0.475,2.8,3.2,0.89,0.4,1.8,2.1,4.6,0.6,0,1.5,1.3,10.5,14,-1.6,0.2
1577,Deandre Ayton,38,32,32.5,8.2,14.9,0.546,0.1,0.3,0.231,8.1,14.6,0.553,0.548,1.8,2.3,0.753,3.9,7.6,11.5,1.9,0.7,1.5,2.1,3.1,18.2,20,0.4,0.7
1578,Dwayne Bacon,39,11,17.6,2.2,6.3,0.348,0.5,1.7,0.284,1.7,4.5,0.373,0.387,0.9,1.4,0.66,0.4,2.2,2.6,1.3,0.6,0.1,0.9,1.3,5.7,6.1,-6.8,-0.8
1579,Marvin Bagley III,13,6,25.7,6,12.8,0.467,0.3,1.7,0.182,5.7,11.2,0.51,0.479,1.9,2.4,0.806,2.2,5.2,7.5,0.8,0.5,0.9,1.4,3.3,14.2,15.6,-3.5,-0.1
1580,Lonzo Ball,63,54,32.1,4.4,10.9,0.403,2.3,6.3,0.375,2,4.6,0.442,0.511,0.7,1.2,0.566,1.1,5,6.1,7,1.4,0.6,3.1,2,11.8,13.1,0.6,1.3
1581,Mo Bamba,62,0,14.2,2.1,4.6,0.462,0.6,1.7,0.346,1.5,2.9,0.531,0.526,0.5,0.7,0.674,1.6,3.3,4.9,0.7,0.4,1.4,0.7,1.9,5.4,17.5,0.4,0.5
1582,J.J. Barea,29,6,15.5,2.9,7.1,0.411,1.1,2.9,0.376,1.8,4.2,0.434,0.488,0.7,0.8,0.909,0.3,1.5,1.8,3.9,0.2,0.1,1.3,0.9,7.7,14.6,-1.4,0.1
1583,Harrison Barnes,72,72,34.5,5.1,11,0.46,1.4,3.7,0.381,3.7,7.3,0.501,0.525,3,3.7,0.801,1.1,3.9,4.9,2.2,0.6,0.2,1.2,1.3,14.5,13.3,-1.3,0.5
1584,RJ Barrett,56,55,30.4,5.2,13,0.402,1.1,3.5,0.32,4.1,9.5,0.432,0.445,2.8,4.5,0.614,0.9,4.1,5,2.6,1,0.3,2.2,2.2,14.3,10.7,-4.3,-1
1585,Will Barton,58,58,33,5.7,12.7,0.45,1.9,5,0.375,3.9,7.8,0.498,0.523,1.8,2.3,0.767,1.3,5,6.3,3.7,1.1,0.5,1.5,2.1,15.1,15.6,1.1,1.5
1586,Keita Bates-Diop,44,0,16.9,2.3,5.3,0.427,0.8,2.3,0.33,1.5,3,0.504,0.5,1.2,1.7,0.72,0.6,2.3,2.9,0.7,0.4,0.5,0.4,1,6.5,12.4,-1.4,0.1
1587,Nicolas Batum,22,3,23,1.3,3.7,0.346,0.6,2.2,0.286,0.6,1.5,0.438,0.432,0.4,0.5,0.9,1.1,3.4,4.5,3,0.8,0.4,1,1.9,3.6,9.2,-1.9,0
1588,Aron Baynes,42,28,22.2,4.4,9.1,0.48,1.4,4,0.351,3,5.1,0.582,0.558,1.3,1.8,0.747,1.7,4,5.6,1.6,0.2,0.5,1.2,3.4,11.5,15.2,-1,0.2
1589,Kent Bazemore,68,21,24.8,2.9,7.9,0.375,1.2,3.6,0.344,1.7,4.3,0.4,0.453,1.7,2.2,0.769,0.4,3.9,4.3,1.4,1.1,0.6,1.3,2.9,8.8,9.3,-3,-0.5
1590,Darius Bazley,61,9,18.5,2,5.2,0.394,0.8,2.3,0.348,1.2,2.9,0.432,0.472,0.7,1,0.694,0.5,3.5,4,0.7,0.4,0.7,0.7,0.9,5.6,9.6,-1.6,0.1
1591,Bradley Beal,57,57,36,10.4,22.9,0.455,3,8.4,0.353,7.4,14.4,0.515,0.52,6.8,8,0.842,0.9,3.3,4.2,6.1,1.2,0.4,3.4,2.2,30.5,23.2,2.9,2.5
1592,Malik Beasley,55,14,22,4.1,9.7,0.425,1.9,5,0.388,2.2,4.7,0.465,0.525,1,1.2,0.818,0.3,2.4,2.7,1.4,0.7,0.1,1,1.4,11.2,12.7,-2.1,0
1593,Marco Belinelli,57,0,15.5,2.2,5.5,0.392,1.2,3.1,0.376,1,2.4,0.412,0.498,0.8,1,0.828,0.1,1.6,1.7,1.2,0.2,0,0.3,0.8,6.3,10.8,-2.7,-0.2
1594,Jordan Bell,29,0,8.8,1.2,2.3,0.522,0.1,0.4,0.333,1.1,1.9,0.564,0.552,0.7,1.1,0.613,1,1.8,2.8,0.6,0.1,0.3,0.7,0.7,3.2,13.9,-2.5,0
1595,DeAndre' Bembry,43,4,21.3,2.4,5.3,0.456,0.3,1.5,0.231,2.1,3.8,0.546,0.489,0.6,1.1,0.542,0.8,2.7,3.5,1.9,1.3,0.4,1.4,2,5.8,9.6,-2.5,-0.1
1596,Dragan Bender,16,3,17.9,2.6,5.8,0.446,0.9,2.7,0.349,1.6,3.1,0.531,0.527,0.6,0.9,0.714,1,3.6,4.6,1.8,0.3,0.6,1.3,2.6,6.7,10.9,-2.9,-0.1
1597,Dāvis Bertāns,54,4,29.3,4.9,11.3,0.434,3.7,8.7,0.424,1.2,2.6,0.471,0.598,1.9,2.3,0.852,0.6,3.9,4.5,1.7,0.7,0.6,1.1,2.6,15.4,15.5,0.9,1.1
1598,Patrick Beverley,51,50,26.3,2.9,6.7,0.431,1.6,4,0.388,1.3,2.6,0.496,0.548,0.6,0.9,0.66,1.1,4.1,5.2,3.6,1.1,0.5,1.3,3.1,7.9,12.5,2.2,1.4
1599,Khem Birch,48,24,19.2,1.5,3,0.51,0,0,0,1.5,3,0.514,0.51,1.4,2.1,0.653,1.9,2.7,4.6,1,0.4,0.5,0.6,1.9,4.4,11.7,-2.4,-0.1
1600,Goga Bitadze,54,2,8.7,1.3,2.8,0.467,0.1,0.8,0.19,1.1,2,0.574,0.493,0.4,0.6,0.727,0.5,1.5,2,0.4,0.2,0.7,0.5,1.2,3.2,12.1,-2.3,0
1601,Bismack Biyombo,53,29,19.4,2.8,5.2,0.543,0,0,0,2.8,5.2,0.543,0.543,1.7,2.8,0.603,2.3,3.5,5.8,0.9,0.2,0.9,0.9,2.2,7.4,16.1,-2.5,-0.1
1602,Nemanja Bjelica,72,67,27.9,4.4,9.1,0.481,1.9,4.4,0.419,2.5,4.6,0.541,0.583,1,1.2,0.821,1.5,4.8,6.4,2.8,0.9,0.6,1.4,3,11.5,15.7,1.8,1.9
1603,Eric Bledsoe,61,61,27,5.5,11.5,0.475,1.2,3.5,0.344,4.3,8,0.533,0.528,2.8,3.5,0.79,0.7,3.9,4.6,5.4,0.9,0.4,2.4,2.1,14.9,17.6,1.8,1.6
1604,Bogdan Bogdanović,61,28,29,5.5,12.6,0.44,2.7,7.2,0.372,2.8,5.3,0.532,0.547,1.4,1.9,0.741,0.4,3,3.4,3.4,1,0.2,1.7,2.2,15.1,15.1,0.6,1.2
1605,Bojan Bogdanović,63,63,33.1,6.6,14.8,0.447,3,7.3,0.414,3.6,7.6,0.479,0.548,4,4.4,0.903,0.6,3.5,4.1,2.1,0.5,0.1,2.5,1.7,20.2,15.6,0.1,1.1
1606,Bol Bol,7,0,12.4,2,4,0.5,0.6,1.3,0.444,1.4,2.7,0.526,0.571,1.1,1.4,0.8,0.7,2,2.7,0.9,0.3,0.9,1.4,1.6,5.7,14.4,-3,0
1607,Jonah Bolden,7,0,6.7,0.6,1.6,0.364,0,0.6,0,0.6,1,0.571,0.364,0.3,0.6,0.5,0.4,0.9,1.3,0,0.4,0.3,0.3,1.4,1.4,4.9,-9.2,-0.1
1608,Marques Bolden,1,0,3,0,0,0,0,0,0,0,0,0,0,0,0,0,0,2,2,0,1,0,0,1,0,19.8,5.4,0
1609,Jordan Bone,10,0,5.3,0.5,2,0.25,0.2,1,0.2,0.3,1,0.3,0.3,0,0,0,0,0.4,0.4,0.8,0.1,0,0.2,0.6,1.2,0.8,-11.9,-0.1
1610,Isaac Bonga,66,49,18.9,1.8,3.5,0.504,0.4,1.1,0.352,1.4,2.5,0.571,0.558,1,1.3,0.812,1.1,2.3,3.4,1.2,0.7,0.3,0.9,2.4,5,10.2,-2.8,-0.3
1611,Devin Booker,70,70,35.9,9,18.3,0.489,2,5.7,0.354,6.9,12.6,0.549,0.544,6.7,7.3,0.919,0.4,3.8,4.2,6.5,0.7,0.3,3.8,3,26.6,20.6,2.2,2.6
1612,Chris Boucher,62,0,13.2,2.3,4.8,0.472,0.6,1.9,0.322,1.7,2.9,0.569,0.535,1.5,1.9,0.784,1.7,2.7,4.5,0.4,0.4,1,0.5,1.8,6.6,20.7,2,0.8
1613,Brian Bowen,6,1,5.2,0.5,1.7,0.3,0,0.3,0,0.5,1.3,0.375,0.3,0,0,0,0.2,1,1.2,0,0,0.2,0.2,0.5,1,0.1,-10.9,-0.1
1614,Ky Bowman,45,12,22.6,3,7.1,0.417,0.7,2.4,0.308,2.2,4.8,0.472,0.469,0.8,0.9,0.829,0.5,2.2,2.7,2.9,1,0.2,1.6,2.3,7.4,9.1,-4.3,-0.6
1615,Avery Bradley,49,44,24.2,3.5,7.8,0.444,1.3,3.5,0.364,2.2,4.3,0.51,0.526,0.4,0.5,0.833,0.4,2,2.3,1.3,0.9,0.1,1,2.2,8.6,8.9,-2.5,-0.2
1616,Tony Bradley,58,3,11.4,2.2,3.3,0.667,0.1,0.1,1,2.1,3.2,0.661,0.675,0.5,0.8,0.652,1.9,2.7,4.6,0.4,0.2,0.6,0.5,2,4.9,21.7,1.3,0.6
1617,Jarrell Brantley,9,0,10.7,1.1,3.1,0.357,0.3,1.4,0.231,0.8,1.7,0.467,0.411,0.1,0.2,0.5,0.2,2,2.2,1.2,0.3,0.6,0.8,0.8,2.7,8,-4.6,-0.1
1618,Ignas Brazdeikis,9,0,5.9,0.7,2.4,0.273,0.1,1,0.111,0.6,1.4,0.385,0.295,0.4,0.6,0.8,0.2,0.3,0.6,0.4,0,0.1,0.2,0.3,1.9,3.2,-9,-0.1
1619,Corey Brewer,5,0,6.6,0.4,0.8,0.5,0,0.2,0,0.4,0.6,0.667,0.5,0.2,0.6,0.333,0.4,1.2,1.6,0.4,0.8,0,0.4,1.4,1,8.7,-3.2,0
1620,Mikal Bridges,73,32,28,3.4,6.6,0.51,1,2.7,0.361,2.4,4,0.61,0.583,1.4,1.7,0.844,0.9,3.1,4,1.8,1.4,0.6,1,2.2,9.1,12.9,0.8,1.5
1621,Miles Bridges,65,64,30.7,4.9,11.6,0.424,1.5,4.6,0.33,3.4,7,0.486,0.489,1.6,2,0.809,1.4,4.2,5.6,1.8,0.6,0.7,1.5,2,13,12.1,-2.5,-0.3
1622,Oshae Brissett,19,0,7.1,0.7,1.9,0.361,0.2,0.8,0.2,0.5,1.1,0.476,0.403,0.4,0.5,0.8,0.5,0.9,1.4,0.4,0.2,0.1,0.4,0.9,1.9,6.7,-5.3,-0.1
1623,Ryan Broekhoff,17,1,10.6,1.3,3.5,0.373,1.2,3,0.392,0.1,0.5,0.25,0.542,0.4,0.5,0.875,0.3,2.2,2.5,0.6,0.3,0.2,0.4,0.9,4.2,13.1,0.8,0.1
1624,Malcolm Brogdon,54,54,30.9,6,13.8,0.438,1.4,4.3,0.326,4.6,9.5,0.488,0.489,3.1,3.4,0.892,0.9,4,4.9,7.1,0.6,0.2,2.4,1.8,16.5,17.7,1.8,1.6
1625,Dillon Brooks,73,73,28.9,6,14.6,0.407,2,5.6,0.358,3.9,9,0.438,0.476,2.2,2.8,0.808,0.9,2.4,3.3,2.1,0.9,0.4,1.7,3.8,16.2,11.3,-4.1,-1.1
1626,Bruce Brown,58,43,28.2,3.4,7.7,0.443,0.6,1.7,0.344,2.8,6.1,0.47,0.48,1.5,2.1,0.739,1.1,3.7,4.7,4,1.1,0.5,1.7,2.8,8.9,11.9,-1.2,0.3
1627,Charlie Brown Jr.,10,0,4,0.6,1.9,0.316,0.3,0.9,0.333,0.3,1,0.3,0.395,0.5,0.5,1,0.2,0.2,0.4,0.2,0.2,0.2,0.3,0.3,2,11,-2.5,0
1628,Jaylen Brown,57,57,33.9,7.5,15.6,0.481,2.3,5.9,0.382,5.2,9.6,0.543,0.554,3.1,4.3,0.724,1.1,5.3,6.4,2.1,1.1,0.4,2.2,2.9,20.3,16.9,0.8,1.4
1629,Moses Brown,9,0,3.7,0.4,1.1,0.4,0,0,0,0.4,1.1,0.4,0.4,0.3,0.9,0.375,0.3,1.2,1.6,0.1,0.1,0.1,0.3,0.8,1.2,6.7,-10,-0.1
1630,Sterling Brown,52,1,14.8,1.8,4.9,0.371,0.8,2.6,0.324,1,2.3,0.425,0.457,0.6,0.8,0.8,0.6,2.9,3.5,1,0.6,0.1,0.8,1,5.1,9.5,-2,0
1631,Troy Brown Jr.,69,22,25.8,4,9,0.439,0.9,2.6,0.341,3.1,6.4,0.479,0.488,1.6,2,0.784,1.1,4.4,5.6,2.6,1.2,0.1,1.1,1.9,10.4,13.7,-1.2,0.3
1632,Jalen Brunson,57,16,17.9,3.2,6.8,0.466,0.8,2.1,0.358,2.4,4.7,0.515,0.522,1.1,1.3,0.813,0.4,2,2.4,3.3,0.4,0.1,1.2,1.3,8.2,14.9,-0.9,0.3
1633,Thomas Bryant,46,36,24.9,5.3,9.1,0.581,0.8,2,0.407,4.5,7.1,0.63,0.626,1.9,2.5,0.741,2.1,5.1,7.2,1.8,0.5,1.1,1.2,2.2,13.2,21.1,2.2,1.2
1634,Reggie Bullock,29,19,23.6,3.1,7.7,0.402,1.3,3.8,0.333,1.8,3.9,0.469,0.484,0.6,0.7,0.81,0.4,1.9,2.3,1.4,0.9,0.1,0.7,1.9,8.1,9.3,-3,-0.2
1635,Trey Burke,33,1,15.8,2.8,6.3,0.45,1,2.3,0.427,1.9,4.1,0.463,0.526,0.7,0.9,0.793,0.5,1,1.5,2.5,0.5,0.1,0.6,1,7.4,15.6,-0.2,0.2
1636,Alec Burks,66,19,26.6,4.9,11.6,0.418,1.8,4.6,0.385,3.1,7.1,0.439,0.493,3.6,4,0.887,0.7,3.5,4.3,2.9,0.9,0.3,1.4,1.9,15,16.7,0.5,1.1
1637,Deonte Burton,39,0,9.1,1.1,3.2,0.344,0.3,1.4,0.189,0.8,1.8,0.458,0.384,0.2,0.4,0.571,0.2,1.3,1.5,0.4,0.2,0.3,0.5,0.9,2.7,4.3,-6.8,-0.4
1638,Jimmy Butler,58,58,33.8,5.9,13.1,0.455,0.5,2.1,0.244,5.4,11,0.495,0.474,7.6,9.1,0.834,1.8,4.8,6.7,6,1.8,0.6,2.2,1.4,19.9,23.6,5.4,3.7
1639,Bruno Caboclo,30,0,8.1,1.3,3,0.427,0.2,1.1,0.182,1.1,1.9,0.571,0.461,0.3,0.3,0.889,0.8,1.2,2,0.4,0.5,0.6,0.4,1,3,14.1,-2.1,0
1640,Devontae Cacok,1,0,9,3,6,0.5,0,0,0,3,6,0.5,0.5,0,0,0,2,3,5,1,0,0,0,0,6,28.6,0.2,0
1641,Kentavious Caldwell-Pope,69,26,25.5,3.4,7.3,0.467,1.3,3.5,0.385,2.1,3.9,0.541,0.558,1.1,1.5,0.775,0.6,1.5,2.1,1.6,0.8,0.2,0.9,1.9,9.3,11,-0.8,0.5
1642,Vlatko Čančar,14,0,3.2,0.4,1.1,0.4,0.1,0.4,0.167,0.4,0.6,0.556,0.433,0.3,0.3,1,0.4,0.4,0.7,0.2,0.1,0.1,0.2,0.5,1.2,11.4,-4.8,0
1643,Clint Capela,39,39,32.8,6.3,9.9,0.629,0,0,0,6.3,9.9,0.629,0.629,1.4,2.7,0.529,4.3,9.5,13.8,1.2,0.8,1.8,1.6,2.6,13.9,20.6,1.4,1.1
1644,DeMarre Carroll,24,0,12.1,1,2.8,0.379,0.3,1.4,0.242,0.7,1.4,0.515,0.439,1.2,1.8,0.69,0.5,1.8,2.3,1,0.3,0.2,0.7,1.3,3.6,9.1,-3.9,-0.1
1645,Jevon Carter,58,2,16.3,1.7,4.2,0.416,1.1,2.5,0.425,0.7,1.7,0.402,0.543,0.4,0.5,0.852,0.5,1.5,2,1.4,0.8,0.3,0.6,1.5,4.9,11.3,0.6,0.6
1646,Vince Carter,60,0,14.6,1.8,5.1,0.352,1,3.4,0.302,0.8,1.7,0.451,0.452,0.4,0.5,0.793,0.3,1.8,2.1,0.8,0.4,0.4,0.6,1.5,5,7.5,-4.3,-0.5
1647,Wendell Carter Jr.,43,43,29.2,4.3,8,0.534,0.1,0.7,0.207,4.1,7.3,0.564,0.542,2.6,3.5,0.737,3.2,6.2,9.4,1.2,0.8,0.8,1.7,3.8,11.3,15.5,-2.4,-0.1
1648,Michael Carter-Williams,45,0,18.5,2.5,5.8,0.427,0.5,1.7,0.293,2,4.1,0.481,0.469,1.8,2.1,0.832,1,2.2,3.3,2.4,1.1,0.5,1.2,1.9,7.2,15.3,0.1,0.5
1649,Alex Caruso,64,2,18.4,1.9,4.5,0.412,0.6,1.9,0.333,1.3,2.7,0.468,0.481,1.1,1.5,0.734,0.3,1.7,1.9,1.9,1.1,0.3,0.8,1.5,5.5,10.8,-0.2,0.5
1650,Willie Cauley-Stein,54,39,20.3,3.2,5.6,0.579,0,0,0,3.2,5.6,0.581,0.579,0.7,1.2,0.606,1.6,4.3,5.8,1.3,0.9,1.1,0.7,2.2,7.2,17,0.5,0.7
1651,Tyson Chandler,26,5,8.4,0.5,0.7,0.778,0,0,0,0.5,0.7,0.778,0.778,0.2,0.5,0.462,1,1.6,2.5,0.2,0.2,0.3,0.3,1.2,1.3,10.8,-1.5,0
1652,Wilson Chandler,35,3,21,2.1,5.2,0.404,1.1,3.5,0.306,1.1,1.8,0.597,0.505,0.6,0.7,0.87,0.3,3.8,4.1,1.1,0.5,0.3,1,2.3,5.9,7.4,-2.7,-0.1
1653,Joe Chealey,4,0,8.3,0,1.8,0,0,1,0,0,0.8,0,0,0.5,0.5,1,0,0,0,0.3,1,0,0.5,0.5,0.5,-2.9,-12.5,-0.1
1654,Zylan Cheatham,4,0,12.8,1.5,2.3,0.667,0,0.3,0,1.5,2,0.75,0.667,0,0,0,0.8,1.5,2.3,0.8,0.3,0.3,1,2.5,3,6.7,-7.2,-0.1
1655,Chris Chiozza,28,2,14.3,2,5,0.393,1,2.6,0.375,1,2.4,0.412,0.489,0.2,0.2,1,0.3,1.6,1.9,3,0.8,0.1,1.1,1.3,5.1,12,-1.2,0.1
1656,Marquese Chriss,59,21,20.3,3.6,6.5,0.545,0.1,0.7,0.205,3.4,5.9,0.584,0.556,2,2.6,0.769,1.9,4.3,6.2,1.9,0.7,1.1,1.3,2.1,9.3,19.5,0.6,0.8
1657,Gary Clark,42,5,13.5,1.3,3.2,0.406,0.9,2.6,0.351,0.4,0.5,0.682,0.553,0.2,0.2,0.9,0.9,1.7,2.6,0.4,0.1,0.5,0.2,1.1,3.7,10.7,-1.9,0
1658,Brandon Clarke,58,4,22.4,5.1,8.3,0.618,0.4,1.1,0.359,4.7,7.2,0.658,0.642,1.5,1.9,0.759,1.6,4.4,5.9,1.4,0.6,0.8,0.9,1.7,12.1,20.9,3.1,1.7
1659,Jordan Clarkson,71,2,24,5.5,12.2,0.454,2.1,5.8,0.368,3.4,6.4,0.533,0.542,1.9,2.3,0.836,0.7,1.9,2.6,1.9,0.6,0.2,1.4,1.5,15.2,17.3,1.1,1.3
1660,Nic Claxton,15,0,12.5,1.8,3.2,0.563,0.1,0.5,0.143,1.7,2.7,0.634,0.573,0.7,1.4,0.524,1.3,1.7,2.9,1.1,0.1,0.5,0.6,0.9,4.4,14.8,-0.7,0.1
1661,Chris Clemons,33,0,8.8,1.7,4.3,0.401,1.1,3.2,0.346,0.6,1.1,0.571,0.532,0.3,0.3,0.909,0.1,0.8,0.9,0.8,0.3,0.2,0.6,0.8,4.9,13.1,-1,0.1
1662,Antonius Cleveland,11,0,4.2,0.4,1.3,0.286,0,0.3,0,0.4,1,0.364,0.286,0.3,0.5,0.6,0.2,0.5,0.6,0.1,0.1,0.3,0.2,0.7,1,2.5,-10.1,-0.1
1663,Amir Coffey,18,1,8.8,1.3,3,0.426,0.3,1.1,0.316,0.9,1.9,0.486,0.481,0.3,0.6,0.545,0.2,0.7,0.9,0.8,0.3,0.1,0.4,1.1,3.2,8.5,-4.1,-0.1
1664,John Collins,41,41,33.2,8.6,14.8,0.583,1.4,3.6,0.401,7.2,11.2,0.642,0.632,2.9,3.7,0.8,2.8,7.3,10.1,1.5,0.8,1.6,1.8,3.4,21.6,23.5,3.1,1.7
1665,Zach Collins,11,11,26.4,2.9,6.2,0.471,0.6,1.7,0.368,2.3,4.5,0.51,0.522,0.5,0.7,0.75,2.3,4,6.3,1.5,0.5,0.5,1.3,3.3,7,9.9,-3.1,-0.1
1666,Mike Conley,47,41,29,4.9,12.1,0.409,2,5.4,0.375,2.9,6.6,0.437,0.494,2.4,3,0.827,0.7,2.5,3.2,4.4,0.8,0.1,2,2.2,14.4,14.1,0.3,0.8
1667,Pat Connaughton,67,4,18.6,2,4.5,0.455,0.8,2.5,0.331,1.2,2,0.607,0.547,0.5,0.6,0.775,0.9,3.3,4.2,1.6,0.4,0.5,0.8,1,5.4,11.5,0.6,0.8
1668,Quinn Cook,44,1,11.5,2.1,4.9,0.425,0.7,1.9,0.365,1.4,2.9,0.465,0.498,0.3,0.3,0.786,0.3,0.9,1.2,1.1,0.3,0,0.8,0.6,5.1,10,-3.8,-0.2
1669,Tyler Cook,13,0,4.2,0.6,0.9,0.667,0,0,0,0.6,0.9,0.667,0.667,0.5,0.6,0.875,0.5,0.6,1.1,0.1,0.2,0,0.2,0.4,1.8,19.4,-0.2,0
1670,Robert Covington,70,68,30.5,4.4,10.3,0.422,2.3,6.9,0.335,2.1,3.5,0.593,0.533,1.4,1.8,0.798,0.9,5.7,6.6,1.3,1.6,1.3,1.5,3.1,12.4,13.3,0,1.1
1671,Allen Crabbe,37,1,17.6,1.7,4.8,0.356,1,3.2,0.303,0.7,1.6,0.466,0.458,0.3,0.4,0.714,0.3,1.8,2.1,0.9,0.4,0.1,0.5,1.3,4.6,6,-5.3,-0.5
1672,Torrey Craig,58,27,18.5,2.1,4.6,0.461,0.8,2.4,0.326,1.4,2.3,0.603,0.545,0.4,0.6,0.611,1.1,2.2,3.3,0.8,0.4,0.6,0.4,2.3,5.4,10.8,-2.3,-0.1
1673,Jamal Crawford,1,0,6,2,4,0.5,1,2,0.5,1,2,0.5,0.625,0,0,0,0,0,0,3,0,0,0,1,5,33.2,15,0
1674,Jae Crowder,65,53,28.8,3.5,8.7,0.401,2.1,6.1,0.343,1.4,2.6,0.538,0.521,1.5,1.9,0.776,0.8,5.1,5.9,2.5,1.1,0.4,1.1,2.2,10.5,12.5,-0.1,0.9
1675,Jarrett Culver,63,35,23.9,3.7,9,0.404,1,3.5,0.299,2.6,5.5,0.471,0.462,0.9,1.9,0.462,1.1,2.3,3.4,1.7,0.9,0.6,1.3,2,9.2,9.6,-4,-0.8
1676,Seth Curry,64,25,24.6,4.4,9,0.495,2.3,5,0.452,2.2,4,0.549,0.621,1.3,1.5,0.825,0.4,1.8,2.3,1.9,0.6,0.1,1,1.8,12.4,15.5,0.8,1.2
1677,Stephen Curry,5,5,27.8,6.6,16.4,0.402,2.4,9.8,0.245,4.2,6.6,0.636,0.476,5.2,5.2,1,0.8,4.4,5.2,6.6,1,0.4,3.2,2.2,20.8,21.7,3.9,0.2
1678,Troy Daniels,47,0,11.3,1.5,4,0.387,1,2.8,0.348,0.6,1.1,0.481,0.511,0.2,0.3,0.625,0.3,0.9,1.1,0.4,0.2,0.1,0.3,0.8,4.3,8.4,-2.9,-0.1
1679,Anthony Davis,62,62,34.4,8.9,17.7,0.503,1.2,3.5,0.33,7.7,14.2,0.546,0.536,7.2,8.5,0.846,2.3,7,9.3,3.2,1.5,2.3,2.5,2.5,26.1,27.4,8,5.4
1680,Ed Davis,28,1,10.8,0.8,1.6,0.478,0,0,0,0.8,1.6,0.478,0.478,0.3,0.5,0.5,1.3,2.5,3.8,0.4,0.4,0.3,0.5,2.2,1.8,9.5,-3.2,-0.1
1681,Terence Davis,72,4,16.8,2.8,6.1,0.456,1.3,3.4,0.388,1.5,2.7,0.541,0.564,0.7,0.8,0.864,0.7,2.6,3.3,1.6,0.5,0.2,1.1,1.7,7.5,13.8,0.8,0.8
1682,Dewayne Dedmon,44,18,17.6,2.3,5.8,0.4,0.5,2.4,0.206,1.8,3.4,0.541,0.443,0.7,0.8,0.833,1.4,4.3,5.7,0.5,0.6,0.9,1.3,3,5.8,9.4,-5.8,-0.7
1683,Matthew Dellavedova,57,4,14.4,1.1,3.1,0.354,0.4,1.6,0.231,0.7,1.5,0.488,0.414,0.6,0.6,0.865,0.3,1,1.3,3.2,0.4,0,1,1.4,3.1,8.1,-5.2,-0.7
1684,DeMar DeRozan,68,68,34.1,8.2,15.4,0.531,0.1,0.5,0.257,8.1,14.9,0.54,0.535,5.6,6.6,0.845,0.6,4.9,5.5,5.6,1,0.3,2.4,2.6,22.1,21.6,1.9,2.3
1685,Cheick Diallo,47,2,10.2,2,3,0.648,0,0.1,0.333,1.9,3,0.655,0.651,0.7,0.8,0.872,0.6,2.1,2.8,0.5,0.2,0.3,0.7,1.2,4.7,16.5,-1.3,0.1
1686,Hamidou Diallo,46,3,19.5,2.9,6.4,0.446,0.3,1.2,0.281,2.5,5.2,0.485,0.473,0.8,1.4,0.603,1,2.7,3.6,0.8,0.8,0.2,1.1,2.2,6.9,9.3,-3.9,-0.4
1687,Gorgui Dieng,63,17,17.4,2.6,5.8,0.456,0.9,2.4,0.355,1.8,3.4,0.528,0.53,1.2,1.6,0.772,1.4,4.2,5.6,1.2,0.8,0.9,1,2,7.4,17.1,1.5,1
1688,Spencer Dinwiddie,64,49,31.2,6.6,16,0.415,1.9,6.3,0.308,4.7,9.7,0.485,0.476,5.4,7,0.778,0.5,3,3.5,6.8,0.6,0.3,2.7,2.8,20.6,17.8,1.8,1.9
1689,Donte DiVincenzo,66,24,23,3.5,7.7,0.455,1.3,3.7,0.336,2.3,4,0.567,0.536,1,1.3,0.733,1,3.8,4.8,2.3,1.3,0.3,1.4,1.7,9.2,14.1,1.3,1.3
1690,Luka Dončić,61,61,33.6,9.5,20.6,0.463,2.8,8.9,0.316,6.7,11.7,0.574,0.531,7,9.2,0.758,1.3,8.1,9.4,8.8,1,0.2,4.3,2.5,28.8,27.6,8.4,5.4
1691,Luguentz Dort,36,28,22.8,2.4,6.1,0.394,0.8,2.8,0.297,1.6,3.3,0.479,0.463,1.2,1.5,0.792,0.7,1.6,2.3,0.8,0.9,0.1,0.6,2.7,6.8,7.6,-3.7,-0.4
1692,Damyean Dotson,48,0,17.4,2.5,6,0.414,1.2,3.4,0.362,1.3,2.6,0.48,0.516,0.5,0.7,0.667,0.2,1.7,1.9,1.2,0.5,0.1,0.4,0.9,6.7,10.9,-1.4,0.1
1693,Sekou Doumbouya,38,19,19.8,2.4,6.2,0.39,0.7,2.6,0.286,1.7,3.6,0.464,0.449,0.8,1.2,0.674,0.5,2.6,3.1,0.5,0.5,0.2,0.9,2.1,6.4,6.2,-6.7,-0.9
1694,PJ Dozier,29,0,14.2,2.2,5.4,0.414,0.6,1.7,0.347,1.7,3.7,0.444,0.468,0.7,1,0.724,0.3,1.6,1.9,2.2,0.5,0.2,0.9,1.6,5.8,11.6,-3.8,-0.2
1695,Goran Dragić,59,3,28.2,5.4,12.3,0.441,2.1,5.7,0.367,3.3,6.5,0.505,0.526,3.2,4.2,0.776,0.5,2.7,3.2,5.1,0.7,0.2,2.4,2.1,16.2,16.3,-0.1,0.8
1696,Andre Drummond,57,56,33,7.3,13.8,0.533,0.1,0.6,0.143,7.2,13.1,0.551,0.536,3,5.2,0.575,4.4,10.8,15.2,2.7,1.9,1.6,3.6,3.5,17.7,22,0.9,1.4
1697,Jared Dudley,45,1,8.1,0.5,1.3,0.4,0.4,0.9,0.429,0.1,0.4,0.333,0.55,0,0,1,0.1,1,1.2,0.6,0.3,0.1,0.2,0.9,1.5,7.8,-0.7,0.1
1698,Kris Dunn,51,32,24.9,3,6.7,0.444,0.6,2.2,0.259,2.4,4.5,0.535,0.487,0.8,1.1,0.741,0.5,3.2,3.6,3.4,2,0.3,1.3,3.1,7.3,12.1,-0.6,0.4
1699,Carsen Edwards,37,0,9.5,1.1,3.5,0.328,0.6,2.1,0.316,0.5,1.4,0.346,0.422,0.4,0.5,0.684,0.2,1.1,1.3,0.6,0.3,0.1,0.4,0.9,3.3,6.9,-4.6,-0.2
1700,Henry Ellenson,5,0,3,0.2,1.4,0.143,0,0.8,0,0.2,0.6,0.333,0.143,0,0,0,0.4,0.8,1.2,0.2,0,0,0,0.2,0.4,-1.3,-10.9,0
1701,Wayne Ellington,36,1,15.5,1.7,4.8,0.351,1.4,4,0.35,0.3,0.9,0.355,0.494,0.3,0.4,0.846,0.1,1.7,1.8,1.2,0.4,0.1,0.5,1.1,5.1,8.5,-2.9,-0.1
1702,Joel Embiid,51,51,29.5,7.5,15.7,0.477,1.1,3.4,0.331,6.4,12.3,0.517,0.512,6.9,8.5,0.807,2.8,8.9,11.6,3,0.9,1.3,3.1,3.4,23,25.8,4.7,2.5
1703,James Ennis III,69,18,18.3,2.3,5.2,0.446,0.8,2.4,0.325,1.5,2.8,0.553,0.522,1.1,1.4,0.806,1,2.5,3.6,0.9,0.5,0.3,0.8,2,6.6,11.5,-2.6,-0.2
1704,Drew Eubanks,22,3,12.4,2,3,0.642,0,0,1,1.9,3,0.636,0.649,0.9,1.2,0.769,1.3,2.6,3.9,0.7,0.2,0.8,1,1.7,4.9,17.3,-1.8,0
1705,Jacob Evans,29,1,14.4,1.6,4.6,0.336,0.4,1.3,0.333,1.1,3.3,0.337,0.384,0.9,1,0.862,0.3,1.1,1.4,1.1,0.4,0.4,0.9,1.4,4.4,5.5,-7.1,-0.5
1706,Dante Exum,35,1,13.9,1.6,3.4,0.471,0.4,1.2,0.349,1.2,2.2,0.539,0.534,0.9,1.2,0.744,0.3,1.6,1.9,1.1,0.4,0.2,0.9,1.1,4.5,10.3,-2.9,-0.1
1707,Tacko Fall,7,0,4.7,1.6,2,0.786,0,0,0,1.6,2,0.786,0.786,0.1,0.4,0.333,0.1,2,2.1,0.1,0.1,0.6,0.4,1,3.3,28.4,6.5,0.1
1708,Derrick Favors,51,49,24.4,4.1,6.6,0.617,0,0.1,0.143,4.1,6.5,0.627,0.618,0.8,1.4,0.563,3.2,6.6,9.8,1.6,0.6,0.9,1.1,2.1,9,18.5,1,0.9
1709,Cristiano Felício,22,0,17.5,1.5,2.5,0.63,0,0.1,0,1.5,2.4,0.654,0.63,0.8,1,0.783,2.5,2.1,4.6,0.7,0.5,0.1,0.8,1.5,3.9,12.8,-3.1,-0.1
1710,Terrance Ferguson,56,38,22.4,1.4,3.9,0.355,0.9,3,0.292,0.5,0.9,0.558,0.466,0.3,0.4,0.75,0.4,0.9,1.3,0.9,0.5,0.3,0.6,2.8,3.9,3.7,-4.5,-0.8
1711,Bruno Fernando,56,13,12.7,1.8,3.6,0.518,0.1,0.7,0.135,1.8,2.9,0.605,0.53,0.5,0.9,0.569,1.2,2.3,3.5,0.9,0.3,0.3,0.8,1.9,4.3,11.9,-4.1,-0.4
1712,Yogi Ferrell,50,0,10.6,1.6,3.8,0.42,0.5,1.6,0.304,1.1,2.2,0.505,0.484,0.7,0.8,0.857,0.1,0.9,1,1.4,0.4,0.1,0.6,0.8,4.4,12.2,-1.8,0
1713,Dorian Finney-Smith,71,68,29.9,3.4,7.4,0.466,1.6,4.3,0.376,1.8,3.1,0.589,0.575,1.1,1.5,0.722,2,3.7,5.7,1.6,0.6,0.5,1,2.5,9.5,12.3,-0.2,0.9
1714,Bryn Forbes,63,62,25.1,3.8,9.2,0.417,2.3,6,0.388,1.5,3.2,0.47,0.544,1.2,1.4,0.833,0.2,1.8,2,1.7,0.5,0,0.9,1.8,11.2,11.1,-2.7,-0.3
1715,Evan Fournier,66,66,31.5,6.6,14.1,0.467,2.6,6.6,0.399,4,7.5,0.527,0.56,2.7,3.3,0.818,0.3,2.3,2.6,3.2,1.1,0.2,1.9,2.4,18.5,16.4,1,1.6
1716,De'Aaron Fox,51,49,32,7.7,16,0.48,1.1,3.6,0.292,6.6,12.4,0.535,0.513,4.7,6.7,0.705,0.7,3.2,3.8,6.8,1.5,0.5,3.1,2.8,21.1,20.6,1.8,1.6
1717,Melvin Frazier,19,0,6.6,0.8,1.8,0.441,0.4,0.8,0.5,0.4,0.9,0.389,0.559,0.1,0.2,0.5,0.1,0.4,0.5,0.2,0.5,0.1,0.3,0.6,2.1,9.8,-2.3,0
1718,Michael Frazier,13,0,11.2,0.5,2.2,0.241,0.3,1.8,0.174,0.2,0.5,0.5,0.31,0.7,1.1,0.643,0.1,0.7,0.8,0.2,0.2,0,0.4,1.7,2.1,-0.9,-11,-0.3
1719,Tim Frazier,27,11,13.1,1.3,3.5,0.362,0.4,1.1,0.333,0.9,2.4,0.375,0.415,0.7,0.9,0.792,0.3,0.9,1.2,3.4,0.5,0.1,1.3,1.6,3.6,9.8,-4.6,-0.2
1720,Enes Freedom,58,7,16.9,3.4,6,0.572,0,0.1,0.143,3.4,5.9,0.581,0.573,1.2,1.7,0.707,2.8,4.6,7.4,1,0.4,0.7,1,1.7,8.1,22.4,1.5,0.9
1721,Markelle Fultz,72,60,27.7,5,10.7,0.465,0.5,1.9,0.267,4.5,8.8,0.507,0.488,1.6,2.2,0.73,0.6,2.7,3.3,5.1,1.3,0.2,2,2,12.1,14.3,-1.8,0.1
1722,Wenyen Gabriel,30,1,7.8,0.7,1.6,0.438,0.2,0.7,0.3,0.5,0.9,0.536,0.5,0.5,0.7,0.682,0.7,1,1.7,0.3,0.4,0.2,0.5,1.3,2.1,9.6,-3.8,-0.1
1723,Daniel Gafford,43,7,14.2,2.2,3.1,0.701,0,0,0,2.2,3.1,0.701,0.701,0.7,1.4,0.533,1.2,1.3,2.5,0.5,0.3,1.3,0.7,2.3,5.1,16.2,-1.3,0.1
1724,Danilo Gallinari,62,62,29.6,5.8,13.2,0.438,2.9,7.1,0.405,2.9,6.1,0.476,0.547,4.3,4.8,0.893,0.5,4.6,5.2,1.9,0.7,0.1,1.2,1.2,18.7,19.5,3.3,2.4
1725,Langston Galloway,66,6,25.8,3.6,8.2,0.435,2,5,0.399,1.6,3.2,0.493,0.557,1.1,1.3,0.859,0.5,1.8,2.3,1.5,0.7,0.2,0.6,1.5,10.3,12.3,-0.8,0.5
1726,Darius Garland,59,59,30.9,4.7,11.8,0.401,1.8,5,0.355,3,6.8,0.434,0.476,1.1,1.2,0.875,0.5,1.4,1.9,3.9,0.7,0.1,2.6,1.6,12.3,8.5,-5.5,-1.7
1727,Marc Gasol,44,43,26.4,2.7,6.3,0.427,1.3,3.4,0.385,1.4,3,0.473,0.529,0.8,1.1,0.735,0.7,5.5,6.3,3.3,0.8,0.9,1.3,2.8,7.5,11.8,1.6,1.1
1728,Rudy Gay,67,5,21.8,4,8.9,0.446,1.1,3.3,0.336,2.9,5.6,0.511,0.508,1.8,2,0.882,0.9,4.5,5.4,1.7,0.5,0.5,1.3,1.5,10.8,15.4,-0.8,0.4
1729,Paul George,48,48,29.6,7.1,16.3,0.439,3.3,7.9,0.412,3.9,8.4,0.464,0.539,4,4.5,0.876,0.5,5.2,5.7,3.9,1.4,0.4,2.6,2.4,21.5,21.1,4.9,2.5
1730,Taj Gibson,62,56,16.5,2.7,4.6,0.584,0.1,0.2,0.286,2.6,4.4,0.599,0.591,0.7,0.9,0.732,1.8,2.5,4.3,0.8,0.4,0.5,0.8,2,6.1,16.1,-1.1,0.2
1731,Harry Giles,46,17,14.5,3,5.5,0.554,0,0,0,3,5.4,0.558,0.554,0.8,1.1,0.776,0.9,3.2,4.1,1.3,0.5,0.4,1,2.6,6.9,16.4,-1.3,0.1
1732,Shai Gilgeous-Alexander,70,70,34.7,6.8,14.5,0.471,1.2,3.6,0.347,5.6,10.9,0.512,0.514,4.1,5.1,0.807,0.7,5.2,5.9,3.3,1.1,0.7,1.9,1.7,19,17.7,1.7,2.2
1733,Rudy Gobert,68,68,34.3,5.7,8.2,0.693,0,0,0,5.7,8.2,0.693,0.693,3.7,5.9,0.63,3.4,10.1,13.5,1.5,0.8,2,1.9,3.2,15.1,21.7,3.6,3.3
1734,Brandon Goodwin,34,1,12.6,2.2,5.6,0.4,0.8,2.6,0.299,1.5,3,0.485,0.468,0.8,0.9,0.933,0.3,1.8,2.1,1.5,0.4,0.1,0.9,1.3,6.1,11.6,-2.9,-0.1
1735,Aaron Gordon,62,62,32.5,5.4,12.4,0.437,1.2,3.8,0.308,4.2,8.5,0.494,0.484,2.4,3.6,0.674,1.7,5.9,7.7,3.7,0.8,0.6,1.6,2,14.4,15.1,0,1
1736,Eric Gordon,36,15,28.2,4.8,12.9,0.369,2.7,8.4,0.317,2.1,4.4,0.469,0.473,2.3,3,0.766,0.3,1.7,2,1.5,0.6,0.4,1.2,1.9,14.4,10.3,-3.9,-0.5
1737,Devonte' Graham,63,53,35.1,5.8,15.3,0.382,3.5,9.3,0.373,2.4,6,0.397,0.495,3,3.7,0.82,0.7,2.7,3.4,7.5,1,0.2,2.9,1.8,18.2,15.8,0.5,1.4
1738,Treveon Graham,55,20,16.9,1.6,4.4,0.36,0.6,2.2,0.275,1,2.2,0.443,0.428,0.7,1,0.643,0.9,1.8,2.7,0.8,0.4,0.1,0.5,1.9,4.4,6.6,-5.6,-0.8
1739,Jerami Grant,71,24,26.6,4.3,8.9,0.478,1.4,3.5,0.389,2.9,5.4,0.537,0.555,2.1,2.8,0.75,0.8,2.7,3.5,1.2,0.7,0.8,0.9,2.2,12,14.4,-0.5,0.7
1740,Jerian Grant,6,0,13.3,1.7,4.5,0.37,0.3,1.3,0.25,1.3,3.2,0.421,0.407,0.8,1.2,0.714,0.3,0.7,1,1.5,0.2,0.2,0.5,1.8,4.5,6.6,-6.5,-0.1
1741,Josh Gray,2,0,11.5,0.5,1,0.5,0,0,0,0.5,1,0.5,0.5,0,0,0,0.5,0.5,1,1,0,0,2.5,0.5,1,-5,-16,-0.1
1742,Danny Green,68,68,24.8,2.9,7,0.416,1.8,4.8,0.367,1.1,2.2,0.524,0.542,0.5,0.7,0.688,0.8,2.6,3.3,1.3,1.3,0.5,0.9,2,8,10.8,0.5,1.1
1743,Draymond Green,43,43,28.4,2.9,7.3,0.389,0.8,3,0.279,2,4.3,0.465,0.446,1.5,1.9,0.759,0.5,5.7,6.2,6.2,1.4,0.8,2.3,2.6,8,12.5,-0.2,0.5
1744,JaMychal Green,63,1,20.7,2.4,5.6,0.429,1.5,3.8,0.387,0.9,1.8,0.518,0.56,0.6,0.8,0.75,1.2,4.9,6.2,0.8,0.5,0.4,0.9,2.8,6.8,11.1,-0.5,0.5
1745,Javonte Green,48,2,9.8,1.3,2.6,0.5,0.2,0.7,0.273,1.1,1.9,0.581,0.536,0.6,0.9,0.667,0.5,1.4,1.9,0.5,0.5,0.2,0.5,0.9,3.4,13.1,-0.7,0.2
1746,Jeff Green,48,4,20,3.3,7.2,0.462,1.3,3.8,0.339,2,3.4,0.602,0.552,1.5,1.9,0.802,0.5,2.3,2.8,1,0.5,0.4,0.9,1.9,9.4,13.7,-0.1,0.5
1747,Blake Griffin,18,18,28.4,4.9,13.9,0.352,1.5,6.2,0.243,3.4,7.7,0.439,0.406,4.2,5.4,0.776,0.9,3.7,4.7,3.3,0.4,0.4,2.2,1.5,15.5,11.9,-4.3,-0.3
1748,Marko Guduric,44,0,11,1.4,3.6,0.395,0.6,1.9,0.301,0.8,1.7,0.5,0.475,0.5,0.6,0.923,0.3,1.3,1.7,1,0.3,0.2,0.8,0.8,3.9,8.8,-3.4,-0.2
1749,Kyle Guy,3,0,3.3,0.7,1.7,0.4,0,1,0,0.7,0.7,1,0.4,0,0,0,0,0.3,0.3,0.3,0,0,0,0.3,1.3,6.6,-12.3,0
1750,Rui Hachimura,48,48,30.1,5.3,11.4,0.466,0.5,1.8,0.287,4.8,9.5,0.5,0.489,2.4,2.9,0.829,1.6,4.5,6.1,1.8,0.8,0.2,1.1,2.2,13.5,13.5,-3.2,-0.4
1751,Devon Hall,11,0,7.4,0.5,2.7,0.2,0.4,1.5,0.235,0.2,1.2,0.154,0.267,0.4,0.7,0.5,0.2,0.5,0.6,1.2,0.4,0.1,0.5,0.5,1.8,3.1,-6.7,-0.1
1752,Donta Hall,9,0,14.8,1.7,2.4,0.682,0,0,0,1.7,2.4,0.682,0.682,1,2,0.5,1.6,2.7,4.2,0.4,0.3,0.7,0.6,2.6,4.3,13.6,-3.9,-0.1
1753,Dusty Hannahs,2,0,6.5,2,4.5,0.444,1,1.5,0.667,1,3,0.333,0.556,1,1,1,0,0.5,0.5,0,0,0,0,0.5,6,21.3,3.1,0
1754,Tim Hardaway Jr.,71,58,29.5,5.4,12.5,0.434,2.9,7.2,0.398,2.5,5.2,0.485,0.55,2.1,2.6,0.819,0.4,2.9,3.3,1.9,0.6,0.1,1,1.8,15.8,14.5,-0.1,1
1755,James Harden,68,68,36.5,9.9,22.3,0.444,4.4,12.4,0.355,5.5,9.9,0.556,0.543,10.2,11.8,0.865,1,5.5,6.6,7.5,1.8,0.9,4.5,3.3,34.3,29.1,9.6,7.3
1756,Maurice Harkless,62,48,23,2.3,4.6,0.502,0.5,1.6,0.347,1.7,3,0.584,0.562,0.6,1.1,0.591,0.9,3,3.9,1.1,0.9,0.5,0.9,2.4,5.8,9.8,-0.7,0.5
1757,Jared Harper,3,0,2.7,0.3,1.3,0.25,0,0.7,0,0.3,0.7,0.5,0.25,0,0,0,0,0,0,0,0,0,0,0,0.7,-5.3,-15.7,0
1758,Montrezl Harrell,63,2,27.8,7.5,12.9,0.58,0,0.3,0,7.5,12.6,0.593,0.58,3.7,5.6,0.658,2.6,4.5,7.1,1.7,0.6,1.1,1.7,2.3,18.6,23.2,2.9,2.2
1759,Gary Harris,56,55,31.8,3.9,9.3,0.42,1.3,3.8,0.333,2.6,5.5,0.479,0.487,1.3,1.6,0.815,0.5,2.4,2.9,2.1,1.4,0.3,1.1,2.1,10.4,9.7,-2.5,-0.2
1760,Joe Harris,69,69,30.8,5.5,11.4,0.486,2.5,5.9,0.424,3,5.5,0.553,0.596,0.9,1.3,0.719,0.9,3.4,4.3,2.1,0.6,0.2,1.5,2.3,14.5,13.3,-0.2,1
1761,Tobias Harris,72,72,34.3,7.7,16.3,0.471,1.8,5,0.367,5.9,11.3,0.517,0.527,2.4,3,0.806,1,5.9,6.9,3.2,0.7,0.6,1.4,2.3,19.6,17.2,0.8,1.8
1762,Shaquille Harrison,43,10,11.3,1.8,3.8,0.467,0.4,1,0.381,1.4,2.9,0.496,0.515,0.9,1.2,0.78,0.5,1.5,2,1.1,0.8,0.4,0.4,1.3,4.9,17.8,2.8,0.6
1763,Josh Hart,65,16,27,3.5,8.2,0.423,1.9,5.4,0.342,1.6,2.7,0.584,0.537,1.3,1.8,0.739,0.9,5.6,6.5,1.7,1,0.4,1.2,2.5,10.1,11.9,-0.7,0.6
1764,Isaiah Hartenstein,23,2,11.6,1.9,2.9,0.657,0,0.2,0,1.9,2.7,0.71,0.657,0.8,1.2,0.679,1.3,2.7,3.9,0.8,0.4,0.5,0.7,1.8,4.7,18.6,0.3,0.2
1765,Udonis Haslem,4,1,11,1,2.8,0.364,0.3,0.8,0.333,0.8,2,0.375,0.409,0.8,1,0.75,0.3,3.8,4,0.3,0,0,0.3,1.5,3,6.5,-7.4,-0.1
1766,Jaxson Hayes,64,14,16.9,2.7,4,0.672,0,0.1,0.25,2.7,4,0.678,0.674,1.9,3,0.647,1.5,2.5,4,0.9,0.4,0.9,0.8,2.5,7.4,17.6,-0.3,0.5
1767,Gordon Hayward,52,52,33.5,6.7,13.5,0.5,1.6,4.3,0.383,5.1,9.2,0.554,0.561,2.4,2.8,0.855,1.1,5.6,6.7,4.1,0.7,0.4,1.8,1.8,17.5,18.1,2.7,2
1768,John Henson,40,8,15,2.4,4.3,0.556,0.2,0.9,0.222,2.2,3.4,0.644,0.579,0.6,1.2,0.5,1.2,2.9,4.1,1.4,0.6,1.1,0.9,2,5.5,17,0.9,0.4
1769,Dewan Hernandez,6,0,4.7,0.8,2.3,0.357,0.2,0.3,0.5,0.7,2,0.333,0.393,0.5,0.8,0.6,0.8,1.5,2.3,0.5,0.2,0,0.5,1,2.3,12.9,-9.6,-0.1
1770,Juancho Hernangómez,48,14,17.4,2.1,5.1,0.405,0.9,2.7,0.341,1.2,2.5,0.475,0.494,0.9,1.5,0.62,0.9,3.2,4.1,0.8,0.4,0.2,0.7,1.3,6,10.4,-3.4,-0.3
1771,Willy Hernangómez,31,0,12.1,2.4,4.5,0.532,0.2,0.7,0.227,2.2,3.8,0.59,0.55,1.2,1.9,0.627,1.4,2.9,4.3,0.9,0.3,0.2,1,1,6.1,19.2,0.1,0.2
1772,Tyler Herro,55,8,27.4,4.9,11.5,0.428,2.1,5.4,0.389,2.8,6.1,0.462,0.52,1.6,1.8,0.87,0.3,3.8,4.1,2.2,0.6,0.2,1.6,1.4,13.5,12.5,-1.6,0.1
1773,Kevin Hervey,10,0,5.2,0.7,2.7,0.259,0.3,2,0.15,0.4,0.7,0.571,0.315,0,0,0,0.1,1.1,1.2,0.5,0.1,0.1,0,0.4,1.7,5,-5.1,0
1774,Mario Hezonja,53,4,16.4,1.7,4.1,0.422,0.5,1.5,0.308,1.3,2.6,0.486,0.477,0.9,1.1,0.814,0.6,2.9,3.5,0.9,0.7,0.2,0.8,2,4.8,9.5,-2.9,-0.2
1775,Buddy Hield,72,44,30.8,6.9,16.1,0.429,3.8,9.6,0.394,3.2,6.6,0.479,0.545,1.6,1.9,0.846,0.8,3.8,4.6,3,0.9,0.2,2.3,2.3,19.2,16,1.1,1.7
1776,George Hill,59,2,21.5,3.3,6.4,0.516,1.4,3,0.46,1.9,3.4,0.565,0.624,1.4,1.7,0.842,0.8,2.2,3,3.1,0.8,0.1,1,1.4,9.4,16.9,2.9,1.6
1777,Solomon Hill,59,4,18.4,1.9,4.7,0.396,1.1,2.9,0.368,0.8,1.8,0.439,0.509,0.7,0.9,0.741,0.5,2.3,2.8,1.8,0.7,0.2,0.9,1.4,5.5,9.8,-1.7,0.1
1778,Jaylen Hoard,13,0,7.9,1.2,2.5,0.469,0,0.2,0,1.2,2.2,0.517,0.469,0.6,1,0.615,1.1,1.4,2.5,0.3,0.4,0,0.3,0.9,2.9,14.9,-2.1,0
1779,Aaron Holiday,66,33,24.5,3.5,8.5,0.414,1.3,3.3,0.394,2.2,5.2,0.427,0.491,1.1,1.3,0.851,0.3,2,2.4,3.4,0.8,0.2,1.3,1.8,9.5,11.6,-1.6,0.2
1780,Jrue Holiday,61,61,34.7,7.5,16.5,0.455,2,5.7,0.353,5.5,10.8,0.509,0.516,2.1,3,0.709,1.3,3.5,4.8,6.7,1.6,0.8,3,2.4,19.1,17,1.8,2
1781,Justin Holiday,73,6,25,2.8,6.7,0.428,1.8,4.5,0.405,1,2.1,0.477,0.566,0.7,0.9,0.791,0.4,2.8,3.3,1.3,1.2,0.6,0.6,1.9,8.3,12.1,1.3,1.5
1782,Rondae Hollis-Jefferson,60,6,18.7,2.6,5.5,0.471,0.1,0.4,0.13,2.5,5.1,0.497,0.476,1.8,2.4,0.734,1.8,2.9,4.7,1.8,0.8,0.4,1,1.9,7,15.1,0.3,0.6
1783,Richaun Holmes,44,38,28.2,5.1,7.8,0.648,0,0,0,5.1,7.8,0.648,0.648,2.1,2.7,0.788,2.9,5.3,8.1,1,0.9,1.3,1.2,3.8,12.3,19.7,1,0.9
1784,Rodney Hood,21,21,29.5,4.1,8.2,0.506,1.7,3.4,0.493,2.5,4.8,0.515,0.608,1,1.3,0.778,0.5,3,3.4,1.5,0.8,0.2,0.9,2.2,11,12.2,-0.9,0.2
1785,Al Horford,67,61,30.2,4.8,10.6,0.45,1.5,4.2,0.35,3.3,6.4,0.516,0.52,0.9,1.2,0.763,1.5,5.3,6.8,4,0.8,0.9,1.2,2.1,11.9,15.7,2.2,2.2
1786,Talen Horton-Tucker,6,1,13.5,2.3,5,0.467,0.7,2.2,0.308,1.7,2.8,0.588,0.533,0.3,0.7,0.5,0.3,0.8,1.2,1,1.3,0.2,1,1.7,5.7,12.3,-2.1,0
1787,Danuel House Jr.,63,52,30.4,3.7,8.6,0.427,2,5.6,0.363,1.6,2.9,0.549,0.546,1.2,1.4,0.811,0.9,3.3,4.2,1.3,1.1,0.5,0.9,2.1,10.5,11.3,-0.7,0.6
1788,Dwight Howard,69,2,18.9,2.9,4,0.729,0,0.1,0.6,2.9,3.9,0.732,0.735,1.6,3.1,0.514,2.5,4.9,7.3,0.7,0.4,1.1,1.2,3.2,7.5,18.7,0.2,0.7
1789,William Howard,2,0,6.5,0,2,0,0,2,0,0,0,0,0,0,0,0,0,1,1,0.5,0,0,0.5,0.5,0,-12.7,-19.6,-0.1
1790,Kevin Huerter,56,48,31.4,4.5,10.9,0.413,2.3,6,0.38,2.2,4.9,0.453,0.517,0.9,1.1,0.828,0.6,3.4,4.1,3.8,0.9,0.5,1.6,2.5,12.2,11.5,-1.6,0.2
1791,De'Andre Hunter,63,62,32,4.4,10.8,0.41,1.7,4.8,0.355,2.7,6,0.454,0.489,1.7,2.3,0.764,0.7,3.8,4.5,1.8,0.7,0.3,1.6,2.9,12.3,8.6,-4.7,-1.4
1792,Chandler Hutchison,28,10,18.8,2.9,6.3,0.457,0.4,1.4,0.316,2.4,4.9,0.496,0.491,1.6,2.8,0.59,0.6,3.2,3.9,0.9,1,0.3,1,1.7,7.8,12.4,-2.6,-0.1
1793,Serge Ibaka,55,27,27,6.2,12.2,0.512,1.3,3.3,0.385,5,8.9,0.559,0.564,1.6,2.3,0.718,2.1,6.1,8.2,1.4,0.5,0.8,2,2.8,15.4,17.3,0.1,0.8
1794,Andre Iguodala,21,0,19.9,1.8,4.2,0.432,0.7,2.2,0.298,1.1,2,0.585,0.511,0.3,0.7,0.4,0.8,2.9,3.7,2.4,0.7,1,1.2,1.7,4.6,10.5,-0.5,0.2
1795,Ersan İlyasova,63,8,15.7,2.3,5,0.466,0.8,2.2,0.365,1.5,2.8,0.545,0.546,1.1,1.4,0.828,1,3.8,4.8,0.8,0.4,0.3,0.5,1.5,6.6,14.9,0.4,0.6
1796,Joe Ingles,72,45,29.7,3.4,7.7,0.445,2,4.9,0.399,1.5,2.8,0.525,0.572,1,1.3,0.787,0.4,3.5,3.9,5.2,0.9,0.2,2,2.1,9.8,12.6,0.7,1.5
1797,Brandon Ingram,62,62,33.9,8.2,17.7,0.463,2.4,6.2,0.391,5.8,11.5,0.501,0.531,5,5.9,0.851,0.8,5.3,6.1,4.2,1,0.6,3,2.9,23.8,18.8,2.1,2.2
1798,Kyrie Irving,20,20,32.9,10,20.8,0.478,2.8,7.1,0.394,7.2,13.7,0.522,0.546,4.7,5.1,0.922,1.1,4.1,5.2,6.4,1.4,0.5,2.6,2.7,27.4,26.2,7.7,1.6
1799,Jonathan Isaac,34,32,28.8,4.6,9.8,0.47,0.9,2.8,0.34,3.6,7,0.521,0.518,1.8,2.3,0.779,1.7,5.1,6.8,1.4,1.6,2.3,1.4,2.4,11.9,17.3,2.3,1.1
1800,Wes Iwundu,52,21,18.3,1.9,4.5,0.416,0.5,1.6,0.341,1.3,2.9,0.457,0.476,1.5,1.9,0.804,0.5,2.1,2.5,1.2,0.5,0.3,0.5,1.5,5.8,10.3,-2.6,-0.2
1801,Frank Jackson,59,2,13.5,2.3,5.6,0.405,0.8,2.4,0.326,1.5,3.2,0.465,0.476,0.9,1.3,0.747,0.4,1,1.4,1,0.3,0.1,0.8,1.3,6.3,9.1,-5.5,-0.7
1802,Jaren Jackson Jr.,57,57,28.5,6.2,13.2,0.469,2.5,6.5,0.394,3.6,6.8,0.54,0.565,2.4,3.3,0.747,1,3.6,4.6,1.4,0.7,1.6,1.7,4.1,17.4,16.3,0.4,1
1803,Josh Jackson,22,0,17.3,3.2,7.2,0.44,1,3.3,0.319,2.1,4,0.54,0.513,1.6,2.3,0.7,0.5,2.5,3,1.6,0.8,0.4,1.3,1.8,9,14.1,0.1,0.2
1804,Justin Jackson,65,3,16.1,2.1,5.2,0.396,0.7,2.5,0.294,1.3,2.7,0.489,0.466,0.6,0.8,0.84,0.4,2,2.4,0.8,0.2,0.2,0.2,1.1,5.5,9.5,-3.4,-0.4
1805,Reggie Jackson,31,16,24,4.3,10.5,0.411,1.8,4.7,0.393,2.5,5.8,0.425,0.498,1.5,1.7,0.833,0.5,2.4,3,4.1,0.4,0.2,1.6,1.9,11.9,13.7,-0.3,0.3
1806,Justin James,36,0,6.4,1,2.3,0.417,0.3,0.8,0.31,0.7,1.5,0.473,0.47,0.3,0.6,0.476,0.2,0.7,0.9,0.5,0.2,0.3,0.2,0.5,2.5,11,-1.4,0
1807,LeBron James,67,67,34.6,9.6,19.4,0.493,2.2,6.3,0.348,7.4,13.1,0.564,0.55,3.9,5.7,0.693,1,6.9,7.8,10.2,1.2,0.5,3.9,1.8,25.3,25.5,8.4,6.1
1808,Amile Jefferson,18,0,4.1,0.3,0.8,0.357,0,0,0,0.3,0.8,0.357,0.357,0.3,0.8,0.357,0.6,0.7,1.3,0.2,0.1,0.2,0.2,0.4,0.8,8.9,-5.8,-0.1
1809,DaQuan Jeffries,13,0,10.8,1.5,3.1,0.5,0.4,1.4,0.278,1.2,1.7,0.682,0.563,0.4,0.5,0.833,0.2,1.2,1.4,0.5,0.3,0.1,0.2,1.5,3.8,11.2,-3.8,-0.1
1810,Ty Jerome,31,0,10.6,1.2,3.6,0.336,0.5,1.6,0.28,0.8,2,0.381,0.398,0.4,0.5,0.75,0.2,1.3,1.5,1.4,0.5,0.1,0.6,0.9,3.3,7.9,-3.7,-0.1
1811,Alize Johnson,17,1,6.9,0.7,1.7,0.414,0.2,0.5,0.375,0.5,1.2,0.429,0.466,0.4,0.6,0.7,0.9,1.9,2.8,0.4,0.2,0.1,0.4,0.7,2,13.3,-1.6,0
1812,B.J. Johnson,10,0,8.3,0.9,3.2,0.281,0.3,0.9,0.333,0.6,2.3,0.261,0.328,0.9,1,0.9,0.3,1.2,1.5,0.3,0.3,0,0.6,0.3,3,5.4,-9,-0.1
1813,Cameron Johnson,57,9,22,3.1,7.1,0.435,1.9,4.8,0.39,1.2,2.3,0.526,0.565,0.8,1,0.807,0.9,2.4,3.3,1.2,0.6,0.4,0.6,1.5,8.8,12.9,0.3,0.7
1814,James Johnson,32,1,19.3,3.2,6.7,0.479,1,2.8,0.363,2.2,3.9,0.565,0.556,1,1.5,0.646,0.8,2.9,3.7,2.3,0.8,1,1.5,2.5,8.4,14.8,0,0.3
1815,Keldon Johnson,17,1,17.7,3.1,5.2,0.596,0.8,1.3,0.591,2.4,3.9,0.597,0.669,2.1,2.6,0.795,0.6,2.8,3.4,0.9,0.8,0.1,0.8,1.6,9.1,19.1,1.5,0.3
1816,Stanley Johnson,25,0,6,0.9,2.4,0.373,0.3,1,0.292,0.6,1.4,0.429,0.432,0.4,0.6,0.563,0.3,1.2,1.5,0.8,0.2,0.2,0.6,0.6,2.4,9.9,-2.5,0
1817,Tyler Johnson,39,7,18.2,2.5,6.4,0.388,1,3.1,0.319,1.5,3.4,0.45,0.464,1.1,1.3,0.84,0.5,1.5,1.9,1.9,0.4,0.2,0.7,1.5,7,10.1,-2.9,-0.2
1818,Nikola Jokić,73,73,32,7.7,14.7,0.528,1.1,3.5,0.314,6.6,11.2,0.594,0.565,3.4,4.1,0.817,2.3,7.5,9.7,7,1.2,0.6,3.1,3,19.9,24.9,7.4,5.5
1819,Damian Jones,55,27,16.1,2.2,3.2,0.68,0,0.2,0.222,2.2,3.1,0.704,0.685,1.1,1.5,0.738,1.3,2.4,3.7,0.6,0.5,0.7,0.5,2.7,5.6,15.6,-1.5,0.1
1820,Derrick Jones Jr.,59,16,23.3,3.1,5.9,0.527,0.6,2.2,0.28,2.5,3.7,0.677,0.58,1.6,2.1,0.772,1.1,2.8,3.9,1.1,1,0.6,0.5,2.2,8.5,14.9,0.7,1
1821,Tyus Jones,65,6,19,3,6.6,0.459,0.7,1.9,0.379,2.3,4.7,0.492,0.514,0.7,0.9,0.741,0.1,1.4,1.6,4.4,0.9,0.1,0.8,0.7,7.4,15.7,0.6,0.8
1822,DeAndre Jordan,56,6,22,3.4,5.1,0.666,0,0,0,3.4,5.1,0.666,0.666,1.5,2.2,0.68,2.5,7.5,10,1.9,0.3,0.9,1.3,2,8.3,19.9,3,1.5
1823,Cory Joseph,72,26,24.4,2.4,5.7,0.415,0.8,2.2,0.352,1.6,3.5,0.455,0.483,0.8,1,0.857,0.6,2,2.6,3.5,0.7,0.3,1.1,1.8,6.4,10.1,-2,0
1824,Mfiondu Kabengele,12,0,5.3,1.2,2.7,0.438,0.8,1.7,0.45,0.4,1,0.417,0.578,0.4,0.4,1,0.1,0.8,0.9,0.2,0.2,0.2,0.2,0.8,3.5,18.2,2.2,0.1
1825,Frank Kaminsky,39,13,19.9,3.5,7.9,0.45,1.1,3.2,0.331,2.5,4.7,0.53,0.516,1.6,2.3,0.678,0.9,3.6,4.5,1.9,0.4,0.3,0.9,1.9,9.7,14.2,-0.5,0.3
1826,Luke Kennard,28,25,32.9,5.4,12.2,0.442,2.6,6.5,0.399,2.8,5.7,0.491,0.548,2.4,2.7,0.893,0.3,3.2,3.5,4.1,0.4,0.2,1.5,2.3,15.8,14.4,-0.3,0.4
1827,Stanton Kidd,4,0,3.8,0,0.8,0,0,0.3,0,0,0.5,0,0,0,0,0,0,0.8,0.8,0.3,0,0,0.5,0.8,0,-13.7,-17.6,-0.1
1828,Michael Kidd-Gilchrist,25,0,11.2,0.9,2.6,0.333,0.2,0.8,0.25,0.7,1.8,0.37,0.371,0.4,0.6,0.786,0.6,2.1,2.7,0.6,0.1,0.2,0.6,1.5,2.4,4.2,-7.4,-0.4
1829,Louis King,10,0,6.2,0.8,2.1,0.381,0.4,1.1,0.364,0.4,1,0.4,0.476,0,0.3,0,0.1,0.9,1,0.5,0.2,0,0.2,1,2,6.2,-6.2,-0.1
1830,Maxi Kleber,74,21,25.5,3.2,6.9,0.461,1.6,4.3,0.373,1.6,2.6,0.605,0.577,1.1,1.3,0.849,1.5,3.7,5.2,1.2,0.3,1.1,0.8,2.4,9.1,13.6,0.4,1.1
1831,Brandon Knight,25,3,18.5,2.4,6.7,0.353,1.8,5.2,0.344,0.6,1.4,0.389,0.488,0.8,1.4,0.588,0.2,1.5,1.6,2.8,0.4,0.1,1.5,1.6,7.3,8.5,-4.4,-0.3
1832,Kevin Knox,65,4,17.9,2.2,6.2,0.359,1,3.1,0.327,1.2,3.1,0.391,0.44,1,1.6,0.653,0.4,2.4,2.8,0.9,0.4,0.4,0.7,1.6,6.4,8.3,-4.2,-0.7
1833,John Konchar,19,0,9.5,1.3,1.9,0.649,0.3,0.5,0.5,1,1.4,0.704,0.716,0.1,0.1,0.5,0.9,1.5,2.5,1.2,0.4,0.2,0.4,0.4,2.8,18,4.5,0.3
1834,Furkan Korkmaz,72,12,21.7,3.4,7.8,0.43,2,4.9,0.402,1.4,2.9,0.478,0.557,1.1,1.4,0.755,0.3,2.1,2.3,1.1,0.6,0.2,0.8,1.4,9.8,12,-1.3,0.3
1835,Luke Kornet,36,14,15.5,2.3,5.2,0.439,0.9,3,0.287,1.4,2.2,0.646,0.521,0.6,0.8,0.714,0.6,1.7,2.3,0.9,0.3,0.7,0.4,1.5,6,12.7,-1.2,0.1
1836,Kyle Korver,58,1,16.6,2.2,5.1,0.43,1.7,4.1,0.418,0.5,1,0.482,0.599,0.6,0.7,0.854,0.3,1.8,2.1,1.2,0.4,0.2,0.8,1.3,6.7,11.3,0.1,0.5
1837,Rodions Kurucs,47,9,14.6,1.7,3.8,0.446,0.7,1.9,0.367,1,1.9,0.529,0.54,0.5,0.8,0.632,0.5,2.4,2.9,1.1,0.5,0.1,1,1.9,4.6,8.9,-2.8,-0.1
1838,Kyle Kuzma,61,9,25,4.8,11,0.436,1.4,4.5,0.316,3.4,6.5,0.518,0.5,1.9,2.5,0.735,0.9,3.6,4.5,1.3,0.5,0.4,1.5,2.1,12.8,12.2,-2.6,-0.2
1839,Skal Labissière,33,1,17.2,2.5,4.5,0.551,0.1,0.4,0.231,2.4,4.1,0.582,0.561,0.8,1,0.758,2,3.2,5.1,1.3,0.2,0.9,0.9,2.7,5.8,15.4,-1.3,0.1
1840,Jeremy Lamb,46,42,28.1,4.7,10.4,0.451,1.2,3.4,0.335,3.5,7,0.508,0.506,2,2.4,0.836,0.5,3.8,4.3,2.1,1.2,0.5,1.1,2.3,12.5,14,-0.4,0.5
1841,Romeo Langford,32,2,11.6,0.9,2.5,0.35,0.2,0.8,0.185,0.7,1.7,0.434,0.381,0.6,0.8,0.72,0.5,0.8,1.3,0.4,0.3,0.3,0.3,1,2.5,5.4,-4.9,-0.3
1842,Zach LaVine,60,60,34.8,9,20,0.45,3.1,8.1,0.38,5.9,11.9,0.497,0.526,4.5,5.6,0.802,0.7,4.1,4.8,4.2,1.5,0.5,3.4,2.2,25.5,19.4,2.5,2.4
1843,Vic Law,8,0,7.8,0.8,2.3,0.333,0.1,0.9,0.143,0.6,1.4,0.455,0.361,0.3,0.8,0.333,0.3,1.1,1.4,0.4,0.3,0,0.3,0.8,1.9,3.7,-9.6,-0.1
1844,Jake Layman,23,2,22,3.5,7.8,0.453,1,3.1,0.333,2.5,4.7,0.533,0.52,1,1.4,0.75,0.7,1.7,2.5,0.7,0.7,0.4,1,2,9.1,10.3,-3.7,-0.2
1845,T.J. Leaf,28,1,7.9,1.3,3.1,0.419,0.2,0.6,0.278,1.1,2.4,0.456,0.448,0.3,0.6,0.438,0.8,1.7,2.5,0.3,0.4,0.1,0.3,0.8,3,12.9,-2.4,0
1846,Jalen Lecque,5,0,6.4,0.8,2,0.4,0,0.8,0,0.8,1.2,0.667,0.4,0.4,0.4,1,0,0.4,0.4,0.4,0,0,0.4,0.6,2,2.7,-9.5,-0.1
1847,Courtney Lee,24,9,14.4,1.7,3.4,0.488,0.9,2,0.447,0.8,1.5,0.543,0.616,0.3,0.3,0.857,0.3,1,1.3,0.5,0.8,0.3,0.5,1.4,4.5,10.8,-0.6,0.1
1848,Damion Lee,49,36,29,4.3,10.4,0.417,1.7,4.9,0.356,2.6,5.6,0.471,0.5,2.2,2.6,0.873,0.7,4.2,4.9,2.7,1,0.1,1.4,2.4,12.7,12.7,-2.3,-0.1
1849,Alex Len,55,12,17.6,3.2,5.8,0.555,0.3,1.1,0.271,2.9,4.7,0.619,0.58,1.2,1.9,0.648,1.8,4,5.8,0.9,0.4,0.9,1,2.3,8,17.7,-0.7,0.3
1850,Kawhi Leonard,57,57,32.4,9.3,19.9,0.47,2.2,5.7,0.378,7.2,14.2,0.506,0.524,6.2,7.1,0.886,0.9,6.1,7.1,4.9,1.8,0.6,2.6,2,27.1,26.9,8.9,5.1
1851,Meyers Leonard,51,49,20.3,2.3,4.6,0.509,1,2.5,0.414,1.3,2.1,0.623,0.622,0.4,0.5,0.643,0.6,4.5,5.1,1.1,0.3,0.3,0.8,2.1,6.1,10.6,-0.9,0.3
1852,Caris LeVert,45,31,29.6,6.9,16.3,0.425,1.8,4.9,0.364,5.1,11.4,0.451,0.48,3.1,4.4,0.711,1.1,3.1,4.2,4.4,1.2,0.2,2.6,1.8,18.7,16.1,-0.3,0.5
1853,Damian Lillard,66,66,37.5,9.5,20.4,0.463,4.1,10.2,0.401,5.4,10.2,0.524,0.563,7,7.8,0.888,0.5,3.8,4.3,8,1.1,0.3,2.9,1.7,30,26.9,7.5,5.9
1854,Nassir Little,48,5,11.9,1.4,3.1,0.43,0.3,1.2,0.237,1.1,1.9,0.554,0.477,0.6,0.9,0.636,0.6,1.6,2.3,0.5,0.3,0.3,0.3,1.5,3.6,9.6,-3.5,-0.2
1855,Kevon Looney,20,4,13.1,1.5,4,0.367,0.1,0.7,0.071,1.4,3.3,0.431,0.373,0.5,0.6,0.75,1.4,1.9,3.3,1,0.6,0.3,0.6,1.7,3.4,9.4,-5.6,-0.2
1856,Brook Lopez,68,67,26.7,4.3,9.9,0.435,1.5,4.8,0.314,2.8,5.1,0.549,0.511,1.9,2.2,0.836,0.9,3.7,4.6,1.5,0.7,2.4,1,2.4,12,15,2,1.9
1857,Robin Lopez,66,5,14.5,2.2,4.5,0.492,0.5,1.6,0.333,1.7,2.9,0.577,0.55,0.4,0.8,0.528,0.8,1.6,2.4,0.7,0.2,0.7,1,1.5,5.4,10.2,-2.6,-0.2
1858,Kevin Love,56,56,31.8,5.8,13,0.45,2.6,7,0.374,3.2,6,0.537,0.55,3.3,3.9,0.854,1,8.8,9.8,3.2,0.6,0.3,2.5,1.6,17.6,17.9,2,1.8
1859,Kyle Lowry,58,58,36.2,5.8,13.8,0.416,2.8,8,0.352,2.9,5.8,0.504,0.518,5.1,5.9,0.857,0.6,4.5,5,7.5,1.4,0.4,3.1,3.3,19.4,17.7,3.2,2.8
1860,Timothé Luwawu-Cabarrot,47,2,18.1,2.5,5.7,0.435,1.3,3.4,0.388,1.2,2.3,0.505,0.55,1.5,1.7,0.852,0.6,2.1,2.7,0.6,0.4,0.1,0.8,2.3,7.8,11,-2.2,-0.1
1861,Trey Lyles,63,53,20.2,2.4,5.4,0.446,1,2.7,0.387,1.4,2.8,0.503,0.541,0.5,0.7,0.733,1.1,4.6,5.7,1.1,0.4,0.4,0.6,1.6,6.4,12.6,-1.2,0.3
1862,Daryl Macon,4,0,3.5,0.3,0.8,0.333,0.3,0.5,0.5,0,0.3,0,0.5,0,0,0,0,0,0,0.3,0,0,0.5,0.3,0.8,-3.1,-12,0
1863,J.P. Macura,1,0,1,0,0,0,0,0,0,0,0,0,0,0,0,0,0,0,0,0,0,0,0,0,0,0,-6.4,0
1864,Josh Magette,8,0,4.8,0.6,1.9,0.333,0.1,0.5,0.25,0.5,1.4,0.364,0.367,0.1,0.3,0.5,0.1,0.6,0.8,0.6,0.4,0.1,0.6,0.5,1.5,5.1,-6.2,0
1865,Ian Mahinmi,38,35,21.3,2.7,5.5,0.495,0.1,0.7,0.192,2.6,4.8,0.538,0.507,1.8,3,0.619,2.1,3.7,5.7,1.3,0.8,1.2,1.2,3,7.4,14.2,-2.7,-0.2
1866,Thon Maker,60,14,12.9,1.6,3.2,0.482,0.4,1.1,0.344,1.2,2.2,0.55,0.539,1.2,1.8,0.664,0.9,1.9,2.8,0.7,0.4,0.7,0.8,1.7,4.7,13.7,-1.4,0.1
1867,Terance Mann,41,6,8.8,0.9,1.9,0.468,0.2,0.5,0.35,0.7,1.4,0.508,0.513,0.4,0.7,0.667,0.2,1.1,1.3,1.3,0.3,0.1,0.4,1.1,2.4,10.6,-1.5,0
1868,Boban Marjanović,44,5,9.6,2.8,4.8,0.573,0.1,0.4,0.235,2.7,4.4,0.603,0.583,1,1.3,0.754,1.5,3,4.5,0.5,0.2,0.2,0.7,1.3,6.6,25.7,1.2,0.3
1869,Lauri Markkanen,50,50,29.8,5,11.8,0.425,2.2,6.3,0.344,2.8,5.5,0.518,0.517,2.5,3.1,0.824,1.2,5.1,6.3,1.5,0.8,0.5,1.6,1.9,14.7,14.3,-0.6,0.5
1870,Caleb Martin,18,1,17.6,2.1,4.7,0.44,1.1,2.1,0.541,0.9,2.6,0.362,0.56,0.9,1.2,0.81,0.6,1.6,2.1,1.3,0.7,0.4,0.8,1.8,6.2,12,-1,0.1
1871,Cody Martin,48,3,18.8,1.9,4.3,0.43,0.4,1.6,0.234,1.5,2.7,0.546,0.473,0.9,1.4,0.646,0.8,2.5,3.3,2,0.8,0.2,0.9,1.6,5,10.5,-2.1,0
1872,Jeremiah Martin,9,0,11,2.7,5.9,0.453,0.6,2,0.278,2.1,3.9,0.543,0.5,1.2,1.6,0.786,0.1,1,1.1,2,0.8,0.2,0.4,0.8,7.1,21.8,3.2,0.1
1873,Kelan Martin,31,4,16,2.3,5.8,0.392,0.8,3.1,0.26,1.5,2.7,0.541,0.461,1,1,0.968,0.4,2.7,3.1,0.7,0.2,0.3,0.6,1.6,6.4,9.2,-4.3,-0.3
1874,Frank Mason III,9,0,13.1,2.6,5.7,0.451,0.7,2.3,0.286,1.9,3.3,0.567,0.51,1.1,1.9,0.588,0.6,1.6,2.1,3.2,0.6,0.1,1.2,1.2,6.9,16.9,0,0.1
1875,Garrison Mathews,18,0,12.6,1.3,3.1,0.429,1.1,2.6,0.413,0.3,0.6,0.5,0.598,1.7,1.9,0.912,0.3,1,1.3,0.6,0.4,0.1,0.4,1.8,5.4,13.1,-1.1,0.1
1876,Wesley Matthews,67,67,24.4,2.5,6.3,0.396,1.6,4.4,0.364,0.9,1.9,0.472,0.524,0.8,1,0.765,0.3,2.1,2.5,1.4,0.6,0.1,0.6,1.5,7.4,8.1,-1.8,0.1
1877,Luc Mbah a Moute,3,0,8.3,0.7,1.7,0.4,0,0.7,0,0.7,1,0.667,0.4,0.3,0.7,0.5,0.3,0.3,0.7,0,0.7,0,0.3,0,1.7,6.4,-7.4,0
1878,Patrick McCaw,37,12,24.5,1.8,4.4,0.414,0.6,1.9,0.324,1.2,2.5,0.484,0.485,0.4,0.5,0.722,0.5,1.8,2.3,2.1,1.1,0.1,0.8,1.6,4.6,7.3,-1.8,0
1879,CJ McCollum,70,70,36.5,8.7,19.4,0.451,2.8,7.3,0.379,6,12.1,0.494,0.522,2,2.6,0.757,0.7,3.6,4.2,4.4,0.8,0.6,1.8,2.6,22.2,17,0.5,1.6
1880,T.J. McConnell,71,3,18.7,3,5.8,0.516,0.1,0.2,0.294,2.9,5.5,0.525,0.522,0.5,0.6,0.833,0.5,2.1,2.7,5,0.8,0.2,1.4,1,6.5,16.5,0.5,0.8
1881,Jalen McDaniels,16,0,18.3,2.1,4.4,0.471,0.6,1.5,0.375,1.5,2.9,0.522,0.536,0.9,1.1,0.824,0.9,3.1,4.1,0.8,0.5,0.2,0.7,2.3,5.6,10.7,-3.3,-0.1
1882,Doug McDermott,69,0,19.9,3.9,7.9,0.488,1.9,4.3,0.435,2,3.7,0.549,0.605,0.7,0.8,0.828,0.4,2.1,2.5,1.1,0.2,0.1,0.6,1.7,10.3,14.4,0,0.7
1883,JaVale McGee,68,68,16.6,2.9,4.5,0.637,0,0.1,0.5,2.8,4.4,0.64,0.642,0.8,1.2,0.646,1.8,3.9,5.7,0.5,0.5,1.4,0.8,2.3,6.6,19.4,1.5,1
1884,Rodney McGruder,56,4,15.6,1.3,3.2,0.398,0.4,1.6,0.27,0.9,1.6,0.522,0.464,0.3,0.6,0.559,0.5,2.2,2.7,0.6,0.5,0.1,0.4,1.3,3.3,6.7,-3,-0.2
1885,Alfonzo McKinnie,40,1,14.8,1.8,4.3,0.427,0.4,1.6,0.215,1.5,2.7,0.557,0.468,0.6,0.8,0.71,0.9,1.9,2.8,0.4,0.6,0.2,0.7,1.8,4.6,8.7,-5.3,-0.5
1886,Jordan McLaughlin,30,2,19.7,2.9,5.9,0.489,1,2.5,0.382,1.9,3.4,0.569,0.57,0.9,1.3,0.667,0.2,1.4,1.6,4.2,1.1,0.1,1,1,7.6,16.3,0.3,0.3
1887,Ben McLemore,71,23,22.8,3.4,7.7,0.444,2.5,6.4,0.4,0.9,1.3,0.656,0.61,0.7,0.9,0.746,0.3,1.9,2.2,0.8,0.6,0.2,0.7,2.2,10.1,11.8,-0.5,0.6
1888,Jordan McRae,37,4,21.2,4,9.9,0.407,1.2,3.4,0.357,2.8,6.5,0.433,0.469,2.2,2.9,0.761,0.5,2.9,3.4,2.5,0.6,0.4,1.2,2,11.5,14.2,-1.5,0.1
1889,Nicolò Melli,60,8,17.4,2.3,5.4,0.421,1.2,3.4,0.335,1.1,2,0.573,0.528,0.9,1.2,0.74,0.6,2.4,3,1.4,0.6,0.4,0.8,2.1,6.6,11.4,-1.3,0.2
1890,De'Anthony Melton,60,8,19.5,2.7,6.7,0.401,0.7,2.3,0.286,2,4.4,0.464,0.451,1.6,2,0.769,0.7,3,3.7,2.9,1.3,0.3,1.4,1.8,7.6,13.5,-0.2,0.5
1891,Chimezie Metu,18,0,5.8,1.3,2.3,0.571,0,0.1,0,1.3,2.2,0.6,0.571,0.6,0.7,0.769,0.7,1.2,1.8,0.6,0.2,0.3,0.6,0.4,3.2,22.2,1.7,0.1
1892,Khris Middleton,62,59,29.9,7.6,15.3,0.497,2.4,5.7,0.415,5.2,9.6,0.546,0.575,3.4,3.7,0.916,0.7,5.5,6.2,4.3,0.9,0.1,2.2,2.3,20.9,21.1,4.1,2.9
1893,Eric Mika,1,0,19,2,3,0.667,0,0,0,2,3,0.667,0.667,2,2,1,2,5,7,0,0,0,0,5,6,13.9,-3.4,0
1894,C.J. Miles,10,0,16.1,1.9,5.9,0.322,1.1,3.5,0.314,0.8,2.4,0.333,0.415,1.5,2,0.75,0.4,0.8,1.2,1.2,1,0.4,0.4,1.4,6.4,11.1,-1.7,0
1895,Malcolm Miller,28,1,5.8,0.4,1,0.414,0.3,0.8,0.364,0.1,0.3,0.571,0.552,0.1,0.3,0.375,0.1,0.5,0.6,0.4,0.2,0.1,0.1,0.6,1.3,6.7,-2.3,0
1896,Patty Mills,66,1,22.5,3.9,9.1,0.431,2.3,6.1,0.382,1.6,3,0.533,0.56,1.5,1.7,0.866,0.3,1.3,1.6,1.8,0.8,0.1,0.8,1.6,11.6,14.8,0,0.8
1897,Paul Millsap,51,48,24.3,4.1,8.6,0.482,1.1,2.4,0.435,3.1,6.2,0.5,0.543,2.3,2.8,0.816,1.9,3.8,5.7,1.6,0.9,0.6,1.4,2.9,11.6,16.9,0.1,0.7
1898,Shake Milton,40,24,20.1,3.4,6.9,0.484,1.5,3.4,0.43,1.9,3.6,0.535,0.588,1.3,1.6,0.785,0.4,1.8,2.2,2.6,0.5,0.2,1.2,2.3,9.4,14.4,-1,0.2
1899,Donovan Mitchell,69,69,34.3,8.7,19.4,0.449,2.5,6.9,0.366,6.2,12.6,0.494,0.513,4,4.7,0.863,0.8,3.6,4.4,4.3,1,0.2,2.7,2.5,24,18.8,1.9,2.3
1900,Naz Mitrou-Long,5,0,9.4,1.2,3.4,0.353,0.4,2.4,0.167,0.8,1,0.8,0.412,0,0,0,0,1.4,1.4,1.6,0.2,0.2,0.6,0.4,2.8,7.8,-1.4,0
1901,Adam Mokoka,11,0,10.2,1.1,2.5,0.429,0.5,1.4,0.4,0.5,1.2,0.462,0.536,0.2,0.4,0.5,0.6,0.3,0.9,0.4,0.4,0,0.2,1.5,2.9,8.2,-4.1,-0.1
1902,Malik Monk,55,1,21.3,3.9,8.9,0.434,1.1,3.7,0.284,2.8,5.2,0.542,0.494,1.5,1.8,0.82,0.5,2.4,2.9,2.1,0.5,0.3,1.4,1.3,10.3,12.6,-2.3,-0.1
1903,Matt Mooney,4,0,4.8,0.3,1,0.25,0,0.5,0,0.3,0.5,0.5,0.25,0,0,0,0,0.8,0.8,0.3,0.5,0.3,0,0.3,0.5,8.1,-0.4,0
1904,E'Twaun Moore,56,6,18.2,3.3,7.8,0.426,1.1,3,0.377,2.2,4.8,0.456,0.498,0.6,0.8,0.689,0.6,1.8,2.3,1.4,0.6,0.2,0.7,1.4,8.3,11.3,-2.7,-0.2
1905,Ja Morant,67,67,31,6.7,14,0.477,0.9,2.7,0.335,5.8,11.3,0.511,0.509,3.6,4.6,0.776,0.8,3.1,3.9,7.3,0.9,0.3,3.3,1.6,17.8,17.4,0.3,1.2
1906,Juwan Morgan,21,0,6.4,0.7,1.2,0.577,0.1,0.4,0.375,0.6,0.9,0.667,0.635,0.1,0.2,0.75,0.5,0.9,1.4,0.3,0,0.1,0.3,0.9,1.7,10.1,-3.2,0
1907,Marcus Morris,62,62,31.2,5.7,13.1,0.438,2.3,5.6,0.408,3.4,7.5,0.461,0.526,2.9,3.5,0.823,1,4.1,5,1.4,0.8,0.5,1.6,2.9,16.7,14.3,-0.1,0.9
1908,Markieff Morris,58,17,20.5,3.5,7.9,0.443,1.5,3.9,0.386,2,4,0.5,0.539,1.1,1.5,0.776,0.7,3.1,3.8,1.3,0.5,0.3,1.3,2.3,9.7,12.5,-2,0
1909,Monte Morris,73,12,22.4,3.6,7.8,0.459,0.9,2.4,0.378,2.7,5.4,0.495,0.517,1,1.2,0.843,0.3,1.5,1.9,3.5,0.8,0.2,0.7,1,9,14.9,-0.2,0.7
1910,Johnathan Motley,13,0,3.2,0.8,1.2,0.733,0.1,0.1,1,0.8,1.1,0.714,0.767,0.4,0.5,0.714,0.2,0.5,0.8,0.6,0.2,0,0.4,0.5,2.2,28.5,8.1,0.1
1911,Emmanuel Mudiay,54,2,15.7,2.8,6.1,0.462,0.6,1.6,0.345,2.2,4.4,0.504,0.508,1.2,1.5,0.759,0.3,2,2.3,2.1,0.4,0.2,1.4,1.3,7.3,13,-1.9,0
1912,Mychal Mulder,7,3,29.1,3.7,9.6,0.388,2.3,7.4,0.308,1.4,2.1,0.667,0.507,1.3,1.7,0.75,0.4,2.9,3.3,1.1,0.3,0.1,0.7,2.9,11,7.8,-6,-0.2
1913,Dejounte Murray,66,58,25.6,4.5,9.7,0.462,0.6,1.7,0.369,3.8,8,0.481,0.494,1.4,1.7,0.798,1,4.8,5.8,4.1,1.7,0.3,1.9,2.2,10.9,16.2,0.4,1
1914,Jamal Murray,59,59,32.3,6.9,15.2,0.456,1.9,5.5,0.346,5,9.7,0.519,0.519,2.8,3.1,0.881,0.8,3.2,4,4.8,1.1,0.3,2.2,1.7,18.5,17.7,1.2,1.5
1915,Džanan Musa,40,0,12.2,1.6,4.3,0.372,0.5,2,0.244,1.1,2.4,0.479,0.427,1.1,1.5,0.75,0.5,1.6,2.2,1.1,0.4,0,0.9,0.8,4.8,9.4,-4.4,-0.3
1916,Mike Muscala,47,2,12.2,1.6,4,0.407,1.1,3,0.378,0.5,1,0.5,0.55,0.4,0.5,0.818,0.3,2,2.3,0.9,0.2,0.3,0.4,1.2,4.8,12.5,-0.1,0.3
1917,Svi Mykhailiuk,56,27,22.6,3,7.2,0.41,2.1,5.1,0.404,0.9,2.1,0.425,0.552,1,1.3,0.814,0.3,1.6,1.9,1.9,0.7,0.1,1.1,1.6,9,11.2,-1.9,0
1918,Abdel Nader,55,6,15.8,2.2,4.8,0.468,0.9,2.3,0.375,1.4,2.5,0.556,0.559,0.9,1.2,0.773,0.3,1.6,1.8,0.7,0.4,0.4,0.8,1.4,6.3,11.3,-1,0.2
1919,Larry Nance Jr.,56,10,26.3,4.1,7.7,0.531,1,2.8,0.352,3.1,4.9,0.636,0.596,0.9,1.3,0.676,1.9,5.4,7.3,2.2,1,0.4,1.1,1.6,10.1,17.3,1.7,1.4
1920,Shabazz Napier,56,32,24,3.4,8.1,0.412,1.4,4.3,0.317,2,3.9,0.519,0.496,2.3,2.7,0.824,0.5,2.4,2.8,4.7,1.2,0.2,2.3,1.8,10.3,13.8,-1.1,0.3
1921,Raul Neto,54,3,12.4,1.9,4.1,0.455,0.6,1.6,0.386,1.2,2.5,0.5,0.532,0.7,0.9,0.83,0.2,0.9,1.1,1.8,0.4,0.1,0.9,0.9,5.1,12.7,-1.8,0
1922,Malik Newman,1,0,4,0,2,0,0,1,0,0,1,0,0,2,2,1,0,0,0,0,0,0,1,0,2,-11.4,-25.7,0
1923,Georges Niang,66,1,14,2.1,4.9,0.438,1.4,3.4,0.4,0.8,1.5,0.526,0.578,0.3,0.4,0.833,0.2,1.7,1.9,0.7,0.3,0.1,0.5,1.1,5.9,11.7,-0.1,0.4
1924,Joakim Noah,5,0,10,0.8,1.6,0.5,0,0,0,0.8,1.6,0.5,0.5,1.2,1.6,0.75,1,2.2,3.2,1.4,0.2,0.2,1.2,1.8,2.8,11.1,-1.6,0
1925,Nerlens Noel,61,7,18.5,3,4.4,0.684,0,0,0.333,3,4.4,0.688,0.686,1.3,1.7,0.755,1.5,3.4,4.9,0.9,1,1.5,1.1,2.7,7.4,20.4,3.1,1.5
1926,Zach Norvell,5,0,8.2,0.6,2.4,0.25,0.6,1.6,0.375,0,0.8,0,0.375,0.2,0.2,1,0,1.2,1.2,0.6,0.4,0,0.6,0.8,2,2.6,-8.4,-0.1
1927,Jaylen Nowell,15,0,10.1,1.3,3.5,0.358,0.2,1.7,0.115,1.1,1.8,0.593,0.387,1.1,1.1,0.941,0.2,0.7,0.9,1.3,0.2,0.1,0.2,0.7,3.8,10.5,-3.8,-0.1
1928,Frank Ntilikina,57,26,20.8,2.3,5.8,0.393,0.8,2.4,0.321,1.5,3.4,0.444,0.459,0.9,1,0.864,0.4,1.7,2.1,3,0.9,0.3,1.2,2.5,6.3,9.8,-3.2,-0.4
1929,Kendrick Nunn,67,67,29.3,6,13.6,0.439,2,5.8,0.35,3.9,7.8,0.505,0.514,1.3,1.5,0.85,0.3,2.4,2.7,3.3,0.8,0.2,1.7,2.3,15.3,12.9,-2.3,-0.1
1930,Jusuf Nurkić,8,8,31.6,6.8,13.6,0.495,0.3,1.3,0.2,6.5,12.4,0.525,0.505,3.9,4.4,0.886,2.9,7.4,10.3,4,1.4,2,2.4,4.9,17.6,22.6,2,0.2
1931,David Nwaba,20,0,13.4,1.9,3.6,0.521,0.6,1.4,0.429,1.3,2.2,0.581,0.606,0.9,1.4,0.667,0.4,1.9,2.3,0.4,0.6,0.6,0.4,1.6,5.2,14,1.1,0.2
1932,Royce O'Neale,71,62,28.9,2.2,5.1,0.433,1.3,3.4,0.377,0.9,1.7,0.545,0.559,0.6,0.8,0.764,0.4,5.1,5.5,2.5,0.8,0.5,0.9,2.8,6.3,9.5,0.9,1.5
1933,Kyle O'Quinn,29,2,10.8,1.4,2.9,0.494,0.2,0.9,0.259,1.2,2,0.603,0.535,0.4,0.7,0.55,1.2,2.8,4,1.8,0.2,0.8,0.7,1.3,3.5,18.6,3,0.4
1934,Semi Ojeleye,69,6,14.7,1.2,2.8,0.408,0.7,1.8,0.378,0.5,1,0.464,0.531,0.4,0.5,0.875,0.4,1.7,2.1,0.5,0.3,0.1,0.3,1.2,3.4,7.7,-1.7,0.1
1935,Jahlil Okafor,30,9,15.6,3.4,5.4,0.623,0,0.1,0.333,3.3,5.3,0.629,0.627,1.3,2.1,0.645,1.6,2.6,4.2,1.2,0.2,0.7,1.3,2.2,8.1,18.3,-0.2,0.2
1936,Elie Okobo,55,3,13.1,1.3,3.3,0.398,0.5,1.3,0.352,0.9,2,0.427,0.467,0.9,1.3,0.704,0.3,1.3,1.6,2.1,0.4,0.1,0.7,1,4,10.6,-1.9,0
1937,Josh Okogie,62,28,25,2.7,6.4,0.427,0.7,2.5,0.266,2.1,3.9,0.529,0.479,2.5,3.1,0.796,1.4,2.9,4.3,1.6,1.1,0.4,1.4,2.2,8.6,11.5,-2.4,-0.2
1938,KZ Okpala,5,0,5.2,0.6,1,0.6,0,0.2,0,0.6,0.8,0.75,0.6,0.2,0.4,0.5,0.2,0.8,1,0.2,0.4,0.2,0.2,0.4,1.4,13.7,2.4,0
1939,Victor Oladipo,19,16,27.8,5.1,12.9,0.394,1.7,5.5,0.317,3.4,7.5,0.451,0.461,2.5,3.1,0.814,0.5,3.5,3.9,2.9,0.9,0.2,2.5,1.9,14.5,11.3,-3.3,-0.2
1940,Kelly Olynyk,67,9,19.4,2.7,5.9,0.462,1.4,3.5,0.406,1.3,2.4,0.543,0.582,1.3,1.5,0.86,0.7,3.9,4.6,1.7,0.7,0.3,1.1,2.6,8.2,14.6,1,1
1941,Miye Oni,10,1,10.9,1.2,3.2,0.375,0.7,1.9,0.368,0.5,1.3,0.385,0.484,0.4,0.5,0.8,0.5,1.2,1.7,0.4,0.4,0.2,0.4,0.9,3.5,9.7,-4.3,-0.1
1942,Cedi Osman,65,65,29.4,4.1,9.4,0.437,1.9,4.9,0.383,2.2,4.4,0.497,0.538,1,1.4,0.67,0.6,3,3.6,2.4,0.8,0.2,1.4,2.5,11,10.7,-2.6,-0.3
1943,Kelly Oubre Jr.,56,55,34.5,6.7,14.8,0.452,1.9,5.5,0.352,4.7,9.3,0.511,0.517,3.4,4.4,0.78,1.2,5.3,6.4,1.5,1.3,0.7,1.5,3.4,18.7,14.9,-0.5,0.7
1944,Tariq Owens,3,0,5,0.3,1.7,0.2,0,0.7,0,0.3,1,0.333,0.2,0.7,0.7,1,0.7,0.3,1,0,0.3,0,0,0.3,1.3,8.4,-5.8,0
1945,Jeremy Pargo,3,0,14.7,3.7,7.3,0.5,1,2.3,0.429,2.7,5,0.533,0.568,0,0.3,0,0.3,0.7,1,2.7,0.3,0,1.3,2.7,8.3,12.6,-5.9,0
1946,Jabari Parker,38,23,24.1,5.8,11.3,0.51,0.8,3.1,0.269,4.9,8.2,0.603,0.548,1.6,2.1,0.753,1.6,4,5.6,1.8,1.2,0.4,1.7,2.6,14,18,0.3,0.5
1947,Chandler Parsons,5,0,10.8,1,3.6,0.278,0.8,2.8,0.286,0.2,0.8,0.25,0.389,0,0,0,0.2,1.2,1.4,0.6,0.8,0.2,0.6,0.6,2.8,5.6,-6,-0.1
1948,Eric Paschall,60,26,27.6,5.3,10.7,0.497,0.6,2.2,0.287,4.7,8.5,0.55,0.526,2.7,3.5,0.774,1.4,3.2,4.6,2.1,0.5,0.2,1.6,2.1,14,14.5,-2.7,-0.3
1949,Anžejs Pasečņiks,27,0,16.2,2.3,4.3,0.526,0,0.1,0,2.3,4.2,0.54,0.526,1.3,2.1,0.586,1.6,2.4,4,0.7,0.3,0.4,0.9,2.8,5.8,11.3,-5.6,-0.4
1950,Patrick Patterson,59,18,13.2,1.6,3.9,0.408,1.1,2.9,0.39,0.5,1,0.459,0.552,0.6,0.7,0.814,0.6,2,2.6,0.7,0.1,0.1,0.4,0.9,4.9,11.5,0.3,0.5
1951,Justin Patton,5,0,4.8,0.8,2,0.4,0.2,0.8,0.25,0.6,1.2,0.5,0.45,0,0,0,0.2,0.8,1,0.4,0,0,0.4,0.8,1.8,4.7,-10.1,0
1952,Chris Paul,70,70,31.5,6.2,12.7,0.489,1.6,4.3,0.365,4.6,8.3,0.554,0.552,3.6,4,0.907,0.4,4.6,5,6.7,1.6,0.2,2.3,2.3,17.6,21.7,4.4,3.5
1953,Cameron Payne,8,0,22.9,4.1,8.5,0.485,1.9,3.6,0.517,2.3,4.9,0.462,0.596,0.8,0.9,0.857,0.5,3.4,3.9,3,1,0.3,1.4,2.5,10.9,15.7,1.7,0.2
1954,Elfrid Payton,45,36,27.7,4.3,9.8,0.439,0.3,1.5,0.203,4,8.2,0.482,0.455,1.1,1.9,0.57,1.2,3.6,4.7,7.2,1.6,0.4,2.1,2,10,16,0,0.6
1955,Gary Payton II,29,17,14.9,1.7,4,0.414,0.4,1.6,0.283,1.2,2.4,0.5,0.47,0.1,0.3,0.5,0.9,1.9,2.8,1.7,1.1,0.2,0.7,1.9,3.9,11.3,-1.6,0
1956,Norvel Pelle,24,0,9.7,1,2,0.521,0,0,0,1,2,0.532,0.521,0.3,0.6,0.5,0.8,2.2,3,0.3,0.1,1.3,0.8,2.3,2.4,10.5,-5.2,-0.2
1957,Theo Pinson,33,0,11.1,1.4,4.7,0.29,0.5,2.4,0.188,0.9,2.3,0.4,0.339,0.5,0.5,0.938,0.3,1.3,1.6,1.7,0.5,0.1,1,1.1,3.6,5.2,-7,-0.5
1958,Mason Plumlee,61,1,17.3,2.9,4.7,0.615,0,0.1,0,2.9,4.6,0.625,0.615,1.4,2.5,0.535,1.6,3.6,5.2,2.5,0.5,0.6,1.3,2.3,7.2,18.8,2,1.1
1959,Jakob Poeltl,66,18,17.7,2.5,4,0.624,0,0,0,2.5,4,0.624,0.624,0.6,1.3,0.465,2,3.7,5.7,1.8,0.6,1.4,0.8,1.9,5.6,19.1,2.5,1.3
1960,Vincent Poirier,22,0,5.9,0.8,1.6,0.472,0,0.1,0.5,0.7,1.5,0.471,0.486,0.3,0.3,0.857,0.6,1.4,2,0.4,0.1,0.4,0.4,1.1,1.9,12.7,-3.8,-0.1
1961,Shamorie Ponds,4,0,2.8,0.8,1.3,0.6,0.3,0.5,0.5,0.5,0.8,0.667,0.7,0.5,0.5,1,0,0.3,0.3,0.5,0,0.3,0,0.5,2.3,33.1,13.7,0
1962,Jordan Poole,57,14,22.4,2.9,8.8,0.333,1.3,4.6,0.279,1.6,4.2,0.392,0.406,1.7,2.1,0.798,0.2,1.9,2.1,2.4,0.6,0.2,1.3,1.6,8.8,7.2,-6.6,-1.5
1963,Kevin Porter Jr.,50,3,23.2,3.7,8.4,0.442,1.1,3.2,0.335,2.7,5.3,0.506,0.505,1.5,2,0.723,0.4,2.8,3.2,2.2,0.9,0.3,1.9,2.7,10,10.8,-3.8,-0.5
1964,Michael Porter Jr.,55,8,16.4,3.5,7,0.509,1.1,2.7,0.422,2.4,4.3,0.564,0.59,1.1,1.3,0.833,1.2,3.5,4.7,0.8,0.5,0.5,0.9,1.8,9.3,19.8,1.5,0.8
1965,Otto Porter Jr.,14,9,23.6,4.4,10,0.443,1.7,4.4,0.387,2.7,5.6,0.487,0.529,1.4,1.9,0.704,0.9,2.5,3.4,1.8,1.1,0.4,0.8,2.2,11.9,15.8,1,0.3
1966,Bobby Portis,66,5,21.1,4,8.9,0.45,1,2.8,0.358,3,6.1,0.493,0.507,1.1,1.4,0.763,1.2,3.9,5.1,1.5,0.5,0.3,1.1,1.7,10.1,14.6,-1.1,0.3
1967,Kristaps Porziņģis,57,57,31.8,7,16.4,0.427,2.5,7.1,0.352,4.5,9.3,0.484,0.503,4,5,0.799,1.8,7.7,9.5,1.8,0.7,2,1.6,3.2,20.4,20.2,1.9,1.8
1968,Dwight Powell,40,37,26.5,3.7,5.7,0.638,0.3,1,0.256,3.4,4.8,0.716,0.659,1.9,2.8,0.667,1.9,3.8,5.7,1.5,0.9,0.6,0.9,2.6,9.4,15.9,1.3,0.9
1969,Norman Powell,52,26,28.4,5.7,11.5,0.495,2.1,5.3,0.399,3.6,6.3,0.575,0.586,2.5,2.9,0.843,0.5,3.2,3.7,1.8,1.2,0.4,1.5,2.1,16,16.8,2,1.5
1970,Taurean Prince,64,61,29,4.3,11.5,0.376,2.3,6.7,0.339,2.1,4.8,0.429,0.475,1.1,1.4,0.798,0.8,5.2,6,1.8,0.9,0.4,2,2.5,12.1,9.1,-2.9,-0.4
1971,Chasson Randle,3,0,13.3,0,1.3,0,0,0.7,0,0,0.7,0,0,1.7,2,0.833,0,0.7,0.7,1.7,0.7,0,0,1,1.7,6.7,-5.9,0
1972,Julius Randle,64,64,32.5,7.2,15.7,0.46,1,3.6,0.277,6.2,12.1,0.515,0.492,4,5.5,0.733,2.4,7.4,9.7,3.1,0.8,0.3,3,2.8,19.5,17.5,-0.3,0.9
1973,Josh Reaves,4,0,7,0.8,2.3,0.333,0,0.5,0,0.8,1.8,0.429,0.333,0.5,0.5,1,0.3,0.5,0.8,0.8,0,0,0,1.3,2,5.8,-9.4,-0.1
1974,Cam Reddish,58,34,26.7,3.7,9.6,0.384,1.4,4.3,0.332,2.2,5.2,0.428,0.459,1.7,2.2,0.802,0.6,3.1,3.7,1.5,1.1,0.5,1.7,2.3,10.5,9,-4.2,-0.9
1975,J.J. Redick,60,36,26.4,4.8,10.5,0.453,3,6.6,0.453,1.8,3.9,0.453,0.596,2.8,3.1,0.892,0.2,2.4,2.5,2,0.3,0.2,1.3,1.6,15.3,15.4,0.7,1.1
1976,Naz Reid,30,11,16.5,3.3,8.1,0.412,1.1,3.2,0.33,2.3,4.9,0.466,0.477,1.2,1.8,0.698,1.1,3,4.1,1.2,0.6,0.7,0.7,2.8,9,15.3,-1.9,0
1977,Josh Richardson,55,53,30.8,5.1,11.7,0.43,1.5,4.5,0.341,3.5,7.2,0.486,0.496,2.1,2.6,0.809,0.7,2.4,3.2,2.9,0.9,0.7,1.9,2.5,13.7,12,-1.8,0.1
1978,Austin Rivers,68,4,23.4,3.1,7.4,0.421,1.4,4,0.356,1.7,3.4,0.498,0.517,1.1,1.6,0.703,0.4,2.2,2.6,1.7,0.7,0.1,0.7,1.9,8.8,10.4,-2.5,-0.2
1979,Andre Roberson,7,0,12.4,1.1,4.1,0.276,0.4,2,0.214,0.7,2.1,0.333,0.328,0.1,0.3,0.5,1,2.9,3.9,0.6,0.1,0.4,0.3,1.9,2.9,5.4,-5.4,-0.1
1980,Duncan Robinson,73,68,29.7,4.4,9.4,0.47,3.7,8.3,0.446,0.7,1.1,0.654,0.667,0.9,1,0.931,0.1,3,3.2,1.4,0.5,0.3,1,2.6,13.5,13.1,0.5,1.3
1981,Glenn Robinson III,62,52,28.8,4.6,9.5,0.486,1.2,3.2,0.391,3.4,6.4,0.534,0.552,1.2,1.4,0.86,1.3,3,4.4,1.5,0.9,0.3,0.9,1.6,11.7,13.3,-1.7,0.1
1982,Jerome Robinson,63,6,15.5,1.8,4.9,0.371,0.8,2.4,0.32,1,2.5,0.42,0.45,0.6,0.9,0.702,0.2,1.8,2,1.4,0.4,0.3,0.8,1.8,5.1,7.4,-3.9,-0.5
1983,Justin Robinson,9,0,5.4,0.6,1.3,0.417,0.3,0.6,0.6,0.2,0.8,0.286,0.542,0,0,0,0.1,0.4,0.6,0.8,0,0.1,0.3,0.2,1.4,8.2,-5.7,0
1984,Mitchell Robinson,61,7,23.1,4.1,5.6,0.742,0,0,0,4.1,5.6,0.742,0.742,1.4,2.4,0.568,3,4,7,0.6,0.9,2,0.6,3.2,9.7,23.5,2.9,1.8
1985,Isaiah Roby,3,0,3.7,0,0.3,0,0,0,0,0,0.3,0,0,0,0,0,0,0.7,0.7,0,0,0,0.3,0.3,0,-7.7,-15.4,0
1986,Rajon Rondo,48,3,20.5,2.9,6.8,0.418,0.9,2.6,0.328,2,4.2,0.473,0.48,0.6,0.9,0.659,0.5,2.5,3,5,0.8,0,1.9,1.2,7.1,12.4,-1.4,0.2
1987,Derrick Rose,50,15,26,7.4,15.1,0.49,0.9,2.9,0.306,6.5,12.1,0.535,0.52,2.4,2.8,0.871,0.5,1.9,2.4,5.6,0.8,0.3,2.5,1,18.1,21,2.2,1.4
1988,Terrence Ross,69,0,27.4,4.9,12.3,0.403,2.6,7.3,0.351,2.4,5,0.48,0.508,2.3,2.7,0.853,0.2,3,3.2,1.2,1.1,0.3,1,1.6,14.7,14,-0.4,0.8
1989,Terry Rozier,63,63,34.3,6.3,14.9,0.423,2.7,6.7,0.407,3.6,8.2,0.436,0.514,2.6,3,0.874,0.8,3.6,4.4,4.1,1,0.2,2.2,2,18,14.8,-0.4,0.8
1990,Ricky Rubio,65,65,31,4.4,10.6,0.415,1.2,3.3,0.361,3.2,7.3,0.439,0.471,3,3.5,0.863,0.7,4,4.7,8.8,1.4,0.2,2.7,2.6,13,16.5,1,1.5
1991,D'Angelo Russell,45,45,32.3,8,18.8,0.426,3.5,9.6,0.367,4.5,9.2,0.487,0.519,3.6,4.4,0.809,0.4,3.6,3.9,6.3,1.1,0.3,3.3,1.9,23.1,18.7,1.9,1.4
1992,Domantas Sabonis,62,62,34.8,7.4,13.7,0.54,0.3,1.1,0.254,7.1,12.6,0.565,0.55,3.5,4.8,0.723,3,9.4,12.4,5,0.8,0.5,2.7,3.1,18.5,20.7,3.2,2.9
1993,Luka Šamanić,3,1,16,1.7,5.3,0.313,1,2.7,0.375,0.7,2.7,0.25,0.406,1,1.3,0.75,0.3,3,3.3,2,0,0.7,0.7,2,5.3,8.8,-4.1,0
1994,JaKarr Sampson,34,12,13.9,2,3.4,0.591,0.1,0.4,0.154,1.9,3,0.647,0.6,0.5,0.8,0.667,0.6,2,2.6,0.6,0.5,0.4,0.4,1.9,4.6,12.6,-1.4,0.1
1995,Dario Šarić,66,51,24.7,3.9,8.2,0.476,1.3,3.6,0.357,2.6,4.6,0.568,0.554,1.6,1.9,0.844,1.5,4.6,6.2,1.9,0.6,0.2,1.3,2.4,10.7,14.2,-0.4,0.7
1996,Tomáš Satoranský,65,64,28.9,3.6,8.5,0.43,1,3.1,0.322,2.7,5.4,0.491,0.488,1.6,1.9,0.876,1.2,2.7,3.9,5.4,1.2,0.1,2,2.1,9.9,13.5,-1.2,0.4
1997,Admiral Schofield,33,2,11.2,1.1,2.8,0.38,0.6,1.8,0.311,0.5,0.9,0.516,0.484,0.3,0.5,0.667,0.2,1.2,1.4,0.5,0.2,0.1,0.2,1.5,3,6.1,-5.5,-0.3
1998,Dennis Schröder,65,2,30.8,7,14.8,0.469,1.9,5,0.385,5,9.8,0.513,0.534,3,3.6,0.839,0.3,3.3,3.6,4,0.7,0.2,2.6,2.2,18.9,16.7,-0.1,1
1999,Mike Scott,68,11,17.8,2.2,5.1,0.426,1.2,3.2,0.369,1,2,0.519,0.54,0.4,0.5,0.811,1,2.7,3.6,0.8,0.3,0.1,0.4,1.4,6,11.2,-1.8,0.1
2000,Thabo Sefolosha,41,0,10.6,0.9,2.2,0.407,0.4,1.3,0.278,0.5,0.9,0.595,0.489,0.1,0.2,0.375,0.5,1.8,2.3,0.6,0.6,0.3,0.4,1,2.2,9.4,-1.2,0.1
2001,Collin Sexton,65,65,33,7.9,16.7,0.472,1.5,3.9,0.38,6.4,12.8,0.501,0.517,3.5,4.1,0.846,0.9,2.2,3.1,3,1,0.1,2.4,2.2,20.8,16.3,-1.8,0.1
2002,Landry Shamet,53,30,27.4,3,7.4,0.404,2.1,5.6,0.375,0.9,1.8,0.495,0.546,1.2,1.4,0.855,0.1,1.8,1.9,1.9,0.4,0.2,0.8,2.7,9.3,8.5,-2.1,0
2003,Marial Shayok,4,0,7,0.8,3,0.25,0.5,1.5,0.333,0.3,1.5,0.167,0.333,0.8,1,0.75,0.3,1.5,1.8,0.3,0,0.3,0.8,1,2.8,1.4,-13,-0.1
2004,Iman Shumpert,13,0,18.5,1.6,4.9,0.328,0.6,2.5,0.242,1,2.4,0.419,0.391,0.3,0.5,0.571,0.7,1.9,2.6,0.9,0.9,0.2,0.8,1.6,4.2,5.3,-5.5,-0.2
2005,Pascal Siakam,60,60,35.2,8.3,18.4,0.453,2.2,6.1,0.359,6.2,12.3,0.499,0.512,4,5.1,0.792,1.1,6.3,7.3,3.5,1,0.9,2.5,2.8,22.9,17.9,1.8,2
2006,Chris Silva,44,0,7.9,1.1,1.8,0.615,0,0.1,0,1.1,1.7,0.64,0.615,0.8,1.3,0.673,1.4,1.5,2.9,0.5,0.2,0.5,0.7,1.9,3,17.3,-2.3,0
2007,Ben Simmons,57,57,35.4,6.6,11.4,0.58,0,0.1,0.286,6.5,11.2,0.583,0.581,3.2,5.2,0.621,2,5.8,7.8,8,2.1,0.6,3.5,3.3,16.4,20.4,3.6,2.8
2008,Anfernee Simons,70,4,20.7,3.1,7.7,0.399,1.1,3.2,0.332,2,4.4,0.448,0.469,1.1,1.3,0.826,0.4,1.8,2.2,1.4,0.4,0.1,0.9,1.9,8.3,9,-4.5,-0.9
2009,Alen Smailagić,14,0,9.9,1.4,2.9,0.5,0.2,0.9,0.231,1.2,1.9,0.63,0.538,1.1,1.4,0.842,0.7,1.2,1.9,0.9,0.2,0.3,0.8,1,4.2,14.5,-2.2,0
2010,Marcus Smart,60,40,32,4.3,11.4,0.375,2.3,6.6,0.347,2,4.8,0.415,0.476,2.1,2.5,0.836,0.7,3.1,3.8,4.9,1.7,0.5,1.7,2.7,12.9,13.8,1.4,1.6
2011,Dennis Smith Jr.,34,3,15.8,2.1,6.2,0.341,0.5,1.6,0.296,1.6,4.6,0.357,0.379,0.8,1.6,0.509,0.6,1.7,2.3,2.9,0.8,0.2,1.7,1.9,5.5,7.4,-6.1,-0.6
2012,Ish Smith,68,23,26.3,4.5,10.1,0.447,0.9,2.5,0.367,3.6,7.6,0.473,0.492,0.9,1.3,0.721,0.4,2.8,3.2,4.9,0.9,0.4,1.4,1.6,10.9,13.9,-1.3,0.3
2013,J.R. Smith,6,0,13.2,1.2,3.7,0.318,0.2,1.8,0.091,1,1.8,0.545,0.341,0.3,0.3,1,0,0.8,0.8,0.5,0.2,0,0.7,0.8,2.8,0,-9.8,-0.2
2014,Zhaire Smith,7,0,4.6,0.4,1.6,0.273,0,0.4,0,0.4,1.1,0.375,0.273,0.3,0.6,0.5,0,0.3,0.3,0.3,0.4,0,0.3,0.6,1.1,1.1,-9.8,-0.1
2015,Tony Snell,59,57,27.8,2.9,6.5,0.445,1.7,4.3,0.402,1.2,2.2,0.531,0.579,0.5,0.5,1,0.2,1.7,1.9,2.2,0.5,0.3,0.5,1.7,8,9.7,-1.8,0.1
2016,Omari Spellman,49,3,18.1,2.6,6,0.431,0.9,2.2,0.391,1.7,3.8,0.454,0.503,1.5,1.9,0.793,1.6,2.9,4.5,1,0.7,0.5,1.1,1.3,7.6,14.4,-1.8,0.1
2017,Max Strus,2,0,3,1,1.5,0.667,0,0.5,0,1,1,1,0.667,0.5,0.5,1,0.5,0,0.5,0,0,0,0,0.5,2.5,30.7,3.9,0
2018,Edmond Sumner,31,3,14.4,2,4.6,0.43,0.5,1.7,0.264,1.5,2.9,0.528,0.479,0.5,0.9,0.552,0.4,1.1,1.5,1.8,0.5,0.3,0.7,1.4,4.9,10.1,-2.9,-0.1
2019,Caleb Swanigan,27,1,10.7,1,1.7,0.596,0,0.1,0,1,1.7,0.622,0.596,0.3,0.6,0.529,1,2.7,3.7,1.1,0.1,0.3,1.4,2.3,2.4,7.6,-6,-0.3
2020,Jayson Tatum,66,66,34.3,8.4,18.6,0.45,2.9,7.1,0.403,5.5,11.5,0.48,0.527,3.8,4.7,0.812,1,6,7,3,1.4,0.9,2.3,2.1,23.4,20.4,4,3.4
2021,Jeff Teague,59,17,24.8,3.6,8.3,0.436,0.7,2,0.368,2.9,6.3,0.457,0.48,2.9,3.3,0.873,0.5,1.9,2.4,5.2,0.7,0.3,2,1.8,10.9,14.6,-1.5,0.2
2022,Garrett Temple,62,35,27.9,3.6,9.5,0.378,2,6.2,0.329,1.5,3.2,0.473,0.486,1.1,1.4,0.805,0.5,3,3.5,2.5,0.8,0.5,1,1.7,10.3,10.5,-1.1,0.4
2023,Daniel Theis,65,64,24.1,3.7,6.6,0.566,0.5,1.5,0.333,3.2,5.1,0.633,0.603,1.3,1.8,0.763,2.2,4.4,6.6,1.7,0.6,1.3,0.8,3.4,9.2,17.9,2.4,1.7
2024,Isaiah Thomas,40,37,23.1,4.4,10.7,0.408,2,4.7,0.413,2.4,5.9,0.405,0.5,1.6,1.9,0.816,0.3,1.4,1.7,3.7,0.3,0.2,1.9,1.9,12.2,11.6,-4.4,-0.5
2025,Khyri Thomas,8,0,7.6,0.6,2.1,0.294,0.6,1.8,0.357,0,0.4,0,0.441,0.3,0.5,0.5,0.1,0,0.1,0.4,0.4,0,0.4,1.1,2.1,3.1,-7.9,-0.1
2026,Lance Thomas,7,4,14,1.1,3.3,0.348,0.6,1.9,0.308,0.6,1.4,0.4,0.435,0.6,0.6,1,0.3,1.6,1.9,0.9,0,0,0.9,1.6,3.4,3,-8.2,-0.2
2027,Matt Thomas,41,1,10.7,1.8,3.7,0.487,1.1,2.4,0.475,0.6,1.2,0.51,0.643,0.2,0.3,0.75,0.2,1.3,1.5,0.5,0.2,0,0.4,0.9,4.9,13.3,1.1,0.3
2028,Tristan Thompson,57,51,30.2,5.1,9.9,0.512,0.2,0.4,0.391,4.9,9.5,0.518,0.52,1.7,2.8,0.615,4,6.2,10.1,2.1,0.6,0.9,1.8,2.2,12,16.8,-1.5,0.2
2029,Sindarius Thornwell,2,0,17.5,3,5.5,0.545,1,2,0.5,2,3.5,0.571,0.636,1,2,0.5,0,2,2,2,0.5,0.5,1,1,8,14.7,-0.8,0
2030,Matisse Thybulle,65,14,19.8,1.7,4.1,0.423,0.9,2.4,0.357,0.9,1.7,0.519,0.528,0.4,0.6,0.61,0.7,1,1.6,1.2,1.4,0.7,0.8,2.2,4.7,10,0.3,0.8
2031,Anthony Tolliver,55,13,15.9,1.2,3.3,0.357,0.9,2.6,0.338,0.3,0.7,0.432,0.492,0.4,0.5,0.724,0.6,2.2,2.8,0.8,0.3,0.2,0.6,1.3,3.6,7,-3.2,-0.3
2032,Juan Toscano-Anderson,13,6,20.9,2.2,4.8,0.46,0.6,1.8,0.348,1.6,3.1,0.525,0.524,0.2,0.4,0.6,0.7,3.3,4,2,1,0.4,1.2,2.3,5.3,9.4,-3.6,-0.1
2033,Karl-Anthony Towns,35,35,33.9,9,17.8,0.508,3.3,7.9,0.412,5.8,9.9,0.586,0.6,5.1,6.5,0.796,2.7,8.1,10.8,4.4,0.9,1.2,3.1,3.3,26.5,26.5,7.8,2.9
2034,Gary Trent Jr.,61,8,21.8,3.2,7.2,0.444,1.8,4.4,0.418,1.4,2.8,0.486,0.571,0.6,0.7,0.822,0.4,1.2,1.6,1,0.8,0.3,0.3,1.5,8.9,12.9,-0.3,0.6
2035,Allonzo Trier,24,1,12.1,2.1,4.4,0.481,0.8,2.2,0.358,1.3,2.2,0.604,0.571,1.4,1.8,0.791,0.3,1,1.2,1.2,0.1,0.2,0.9,1.2,6.5,14.5,-0.4,0.1
2036,P.J. Tucker,72,72,34.3,2.5,5.9,0.415,1.5,4.2,0.358,1,1.8,0.551,0.541,0.5,0.7,0.813,1.6,5.1,6.6,1.6,1.1,0.5,1,3.2,6.9,8.3,-1.9,0.1
2037,Rayjon Tucker,20,0,8.1,1,2.2,0.465,0.2,0.9,0.176,0.9,1.3,0.654,0.5,1,1.2,0.826,0.2,0.9,1,0.3,0.1,0.1,0.4,0.5,3.1,9.7,-6.1,-0.2
2038,Evan Turner,19,0,13.2,1.3,3.5,0.373,0,0.3,0,1.3,3.3,0.403,0.373,0.6,0.7,0.857,0.4,1.6,2,2,0.5,0.4,1.4,1.1,3.3,6.8,-5.5,-0.2
2039,Myles Turner,62,62,29.5,4.3,9.5,0.457,1.4,4,0.344,2.9,5.4,0.54,0.53,2,2.7,0.751,1.4,5.2,6.6,1.2,0.7,2.1,1.4,2.7,12.1,14.8,0.1,1
2040,Jarrod Uthoff,7,0,7.6,1,2.6,0.389,0.4,1.3,0.333,0.6,1.3,0.444,0.472,0.3,0.3,1,0.3,0.6,0.9,0,0.1,0,0,0.3,2.7,8.8,-4.6,0
2041,Jonas Valančiūnas,70,70,26.4,6.2,10.6,0.585,0.5,1.3,0.352,5.7,9.3,0.617,0.606,2.1,2.9,0.74,3,8.2,11.3,1.9,0.4,1.1,1.8,2.6,14.9,22.2,2.4,2
2042,Denzel Valentine,36,5,13.6,2.7,6.6,0.409,1.3,3.8,0.336,1.4,2.8,0.51,0.506,0.2,0.2,0.75,0.3,1.8,2.1,1.2,0.7,0.2,0.7,1.4,6.8,13,-0.6,0.2
2043,Jarred Vanderbilt,11,0,4.2,0.5,0.7,0.625,0,0.1,0,0.5,0.6,0.714,0.625,0.2,0.2,1,0.3,0.5,0.8,0.2,0.3,0.1,0.6,0.5,1.1,7.6,-6.3,-0.1
2044,Fred VanVleet,54,54,35.7,5.9,14.3,0.413,2.7,6.9,0.39,3.2,7.4,0.434,0.507,3.1,3.7,0.848,0.3,3.4,3.8,6.6,1.9,0.3,2.2,2.4,17.6,16.3,2.7,2.3
2045,Gabe Vincent,9,0,9.2,0.9,4.1,0.216,0.7,3,0.222,0.2,1.1,0.2,0.297,0,0,0,0,0.6,0.6,0.7,0.6,0,0.1,0.7,2.4,1.2,-10.4,-0.2
2046,Noah Vonleh,36,1,10.5,1.4,2.6,0.565,0.1,0.4,0.2,1.4,2.1,0.636,0.582,0.7,0.9,0.781,1,2.4,3.4,0.8,0.3,0.2,0.6,1.1,3.7,15.5,-1,0.1
2047,Nikola Vučević,62,62,32.2,8,16.7,0.477,1.6,4.7,0.339,6.4,12,0.531,0.525,2.1,2.7,0.784,2.3,8.6,10.9,3.6,0.9,0.8,1.4,2.2,19.6,21.9,4.2,3.1
2048,Dean Wade,12,0,5.9,0.8,1.1,0.692,0.2,0.3,0.5,0.6,0.8,0.778,0.769,0,0.1,0,0.3,1.3,1.6,0.2,0.2,0.3,0.3,0.7,1.7,13.9,-1.3,0
2049,Moritz Wagner,45,5,18.6,3.2,5.9,0.545,0.6,1.8,0.313,2.7,4.1,0.645,0.592,1.7,2.1,0.821,1.2,3.6,4.9,1.2,0.6,0.4,1.5,3.4,8.7,15.1,-2.3,-0.1
2050,Dion Waiters,10,0,20.7,4.1,9.9,0.414,1.5,4.7,0.319,2.6,5.2,0.5,0.49,1.4,1.7,0.824,0.2,2.2,2.4,2,0.4,0.6,1.6,2.1,11.1,11.5,-1.2,0
2051,Kemba Walker,56,56,31.1,6.8,15.9,0.425,3.2,8.4,0.381,3.5,7.4,0.476,0.526,3.7,4.3,0.864,0.6,3.2,3.9,4.8,0.9,0.5,2.1,1.6,20.4,20,4.6,2.9
2052,Lonnie Walker IV,61,12,16.2,2.5,5.9,0.426,0.7,1.7,0.406,1.8,4.2,0.434,0.483,0.7,1,0.721,0.4,1.9,2.3,1.1,0.5,0.2,0.7,1.3,6.4,10.5,-3.5,-0.4
2053,Tyrone Wallace,14,0,11.4,1,3.1,0.318,0.1,1.1,0.067,0.9,2.1,0.448,0.33,0.8,1.2,0.647,0.2,1.4,1.6,0.9,0.5,0.1,0.7,1.4,2.9,3.9,-8.7,-0.3
2054,Derrick Walton,26,1,9.5,0.7,1.5,0.462,0.4,0.9,0.417,0.3,0.6,0.533,0.59,0.3,0.3,0.778,0.1,0.5,0.6,1,0.3,0,0.2,0.8,2,8.7,-1,0.1
2055,Brad Wanamaker,71,1,19.3,2.3,5.1,0.448,0.5,1.4,0.363,1.8,3.7,0.481,0.499,1.8,1.9,0.926,0.3,1.7,2,2.5,0.9,0.2,1.1,1.9,6.9,12.8,-0.6,0.5
2056,T.J. Warren,67,67,32.9,8,14.9,0.536,1.4,3.4,0.403,6.6,11.5,0.575,0.581,2.5,3,0.819,1,3.2,4.2,1.5,1.2,0.5,1.3,2.8,19.8,18.4,1.1,1.7
2057,P.J. Washington,58,57,30.3,4.6,10.2,0.455,1.5,4,0.374,3.1,6.2,0.507,0.528,1.5,2.3,0.647,1,4.4,5.4,2.1,0.9,0.8,1.6,2.7,12.2,12.4,-1.6,0.2
2058,Yuta Watanabe,18,0,5.8,0.8,1.9,0.441,0.2,0.4,0.375,0.7,1.4,0.462,0.485,0.2,0.4,0.375,0.4,0.7,1.1,0.3,0.3,0.1,0.1,0.5,2,11.2,-1.7,0
2059,Tremont Waters,11,1,10.8,1.3,4.5,0.286,0.4,2.2,0.167,0.9,2.3,0.4,0.327,0.7,0.7,1,0,1.1,1.1,1.5,0.9,0.2,1.4,1.2,3.6,4.3,-7.5,-0.2
2060,Paul Watson,10,0,8.7,1,2.6,0.385,0.4,1.2,0.333,0.6,1.4,0.429,0.462,0.7,0.9,0.778,0.2,1.5,1.7,0.8,0.4,0.1,0.3,0.5,3.1,12.6,-0.2,0
2061,Quinndary Weatherspoon,11,0,7.1,0.5,1.5,0.294,0.1,0.5,0.2,0.4,1.1,0.333,0.324,0.1,0.2,0.5,0.1,0.5,0.6,1,0.3,0.1,0.5,0.7,1.1,3.2,-7.4,-0.1
2062,Russell Westbrook,57,57,35.9,10.6,22.5,0.472,1,3.7,0.258,9.6,18.7,0.514,0.493,5.1,6.7,0.763,1.8,6.2,7.9,7,1.6,0.4,4.5,3.5,27.2,21,1.5,1.8
2063,Coby White,65,1,25.8,4.8,12.2,0.394,2,5.8,0.354,2.8,6.4,0.43,0.478,1.6,2,0.791,0.4,3.1,3.5,2.7,0.8,0.1,1.7,1.8,13.2,11.9,-2.9,-0.4
2064,Derrick White,68,20,24.7,3.7,8.1,0.458,1.2,3.2,0.366,2.6,4.9,0.518,0.53,2.6,3.1,0.853,0.5,2.8,3.3,3.5,0.6,0.9,1.3,2.2,11.3,16.4,1.3,1.4
2065,Hassan Whiteside,67,61,30,6.5,10.5,0.621,0.1,0.1,0.571,6.4,10.4,0.622,0.624,2.4,3.6,0.686,3.9,9.7,13.5,1.2,0.4,2.9,1.8,2.9,15.5,25,3.2,2.6
2066,Andrew Wiggins,54,54,34.4,8.1,18.1,0.447,2.1,6.2,0.332,6,11.9,0.506,0.504,3.5,5,0.709,1.2,3.9,5.1,3.7,0.8,1,2.4,2.4,21.8,16.4,-0.3,0.8
2067,Grant Williams,69,5,15.1,1.3,3.1,0.412,0.3,1.4,0.25,0.9,1.7,0.548,0.469,0.6,0.8,0.722,0.9,1.7,2.6,1,0.4,0.5,0.7,2.4,3.4,7.9,-2.7,-0.2
2068,Johnathan Williams,15,6,12,1.3,2.3,0.559,0,0.1,0,1.3,2.1,0.594,0.559,0.5,0.9,0.538,1.6,2.7,4.3,0.5,0.1,0.5,0.3,1.1,3,14,-2,0
2069,Kenrich Williams,39,18,21.3,1.3,3.8,0.347,0.6,2.5,0.258,0.7,1.3,0.52,0.432,0.2,0.7,0.346,1.3,3.5,4.8,1.5,0.7,0.5,0.6,2.3,3.5,7.5,-2.4,-0.1
2070,Lou Williams,65,8,28.7,6,14.4,0.418,1.7,4.8,0.352,4.3,9.6,0.451,0.477,4.5,5.2,0.861,0.5,2.6,3.1,5.6,0.7,0.2,2.8,1.2,18.2,17.3,0.7,1.3
2071,Marvin Williams,58,1,19.5,2.1,4.6,0.446,1,2.7,0.359,1.1,1.9,0.568,0.551,0.8,1,0.86,0.5,2.6,3.2,1,0.6,0.5,0.6,1.8,5.9,11.2,-0.6,0.4
2072,Robert Williams,29,1,13.4,2.2,3,0.727,0,0,0,2.2,3,0.727,0.727,0.8,1.2,0.647,1.4,3,4.4,0.9,0.8,1.2,0.7,1.8,5.2,23.1,5.1,0.7
2073,Nigel Williams-Goss,10,0,5,0.5,1.6,0.313,0.2,0.7,0.286,0.3,0.9,0.333,0.375,0.2,0.2,1,0.2,0.4,0.6,0.6,0.3,0.1,0.3,0.6,1.4,8.1,-3.9,0
2074,Zion Williamson,24,24,27.8,8.8,15,0.583,0.3,0.6,0.429,8.5,14.4,0.59,0.592,4.8,7.4,0.64,2.7,3.6,6.3,2.1,0.7,0.4,2.5,1.8,22.5,24.1,2.1,0.7
2075,D.J. Wilson,37,1,9.8,1.4,3.6,0.394,0.5,2,0.247,0.9,1.6,0.576,0.462,0.3,0.5,0.611,0.3,2.2,2.5,0.7,0.1,0.1,0.5,0.9,3.6,8.2,-4,-0.2
2076,Justise Winslow,11,5,32,4.5,11.7,0.388,0.5,2.5,0.222,4,9.3,0.431,0.411,1.6,2.5,0.667,1.5,5.2,6.6,4,0.6,0.5,2.2,3.5,11.3,8.5,-3.6,-0.1
2077,Christian Wood,62,12,21.4,4.6,8.2,0.567,0.9,2.3,0.386,3.8,5.9,0.636,0.62,2.9,3.9,0.744,1.7,4.6,6.3,1,0.5,0.9,1.4,1.6,13.1,23.2,3.1,1.7
2078,Delon Wright,73,5,21.5,2.6,5.6,0.462,0.6,1.7,0.37,2,3.9,0.504,0.519,1.1,1.4,0.77,1,2.9,3.8,3.3,1.2,0.3,1,1.3,6.9,15.4,1.9,1.5
2079,Justin Wright-Foreman,4,0,11.3,1.8,5,0.35,0.5,2.5,0.2,1.3,2.5,0.5,0.4,0.8,1,0.75,0,1.3,1.3,1.8,0.5,0,0.8,1.3,4.8,8.8,-9,-0.1
2080,Thaddeus Young,64,16,24.9,4.2,9.4,0.448,1.2,3.5,0.356,3,5.9,0.501,0.513,0.7,1.1,0.583,1.5,3.5,4.9,1.8,1.4,0.4,1.6,2.1,10.3,13.3,-1.2,0.3
2081,Trae Young,60,60,35.3,9.1,20.8,0.437,3.4,9.5,0.361,5.7,11.4,0.501,0.519,8,9.3,0.86,0.5,3.7,4.3,9.3,1.1,0.1,4.8,1.7,29.6,23.9,3.9,3.1
2082,Cody Zeller,58,39,23.1,4.3,8.3,0.524,0.3,1.3,0.24,4,7,0.577,0.543,2.1,3.1,0.682,2.8,4.3,7.1,1.5,0.7,0.4,1.3,2.4,11.1,18.8,-0.6,0.5
2083,Tyler Zeller,2,0,2,0.5,2,0.25,0,0,0,0.5,2,0.25,0.25,0,0,0,1.5,0.5,2,0,0,0,0,0,1,22.4,-22.4,0
2084,Ante Žižić,22,0,10,1.9,3.3,0.569,0,0,0,1.9,3.3,0.569,0.569,0.6,0.9,0.737,0.8,2.2,3,0.3,0.3,0.2,0.5,1.2,4.4,16.4,-3.2,-0.1
2085,Ivica Zubac,72,70,18.4,3.3,5.3,0.613,0,0,0,3.3,5.3,0.616,0.613,1.7,2.3,0.747,2.7,4.8,7.5,1.1,0.2,0.9,0.8,2.3,8.3,21.7,2.8,1.6